{
	"ItemPresets": {
		"WEAPON_PAN94_545_MFAC_PRESETID": {
			"_id": "WEAPON_PAN94_545_MFAC_PRESETID",
			"_type": "Preset",
			"_changeWeaponName": false,
			"_name": "WEAPON_PAN94_545_MFAC_PRESET",
			"_encyclopedia": "WEAPON_PAN94_545_MFAC",
			"_parent": "148888facababa0000000c01",
			"_items": [
				{
					"_id": "148888facababa0000000c01",
					"_tpl": "WEAPON_PAN94_545_MFAC"
				},
				{
					"_id": "148888facababa0000000c01_GASBLOCK",
					"_tpl": "59c6633186f7740cf0493bb9",
					"parentId": "148888facababa0000000c01",
					"slotId": "mod_gas_block"
				},
				{
					"_id": "148888facababa0000000c01_MUZZLE",
					"_tpl": "5ac7655e5acfc40016339a19",
					"parentId": "148888facababa0000000c01",
					"slotId": "mod_muzzle"
				},
				{
					"_id": "148888facababa0000000c01_PISTOLGRIP",
					"_tpl": "5649ade84bdc2d1b2b8b4587",
					"parentId": "148888facababa0000000c01",
					"slotId": "mod_pistol_grip"
				},
				{
					"_id": "148888facababa0000000c01_RECIEVER",
					"_tpl": "5ac50da15acfc4001718d287",
					"parentId": "148888facababa0000000c01",
					"slotId": "mod_reciever"
				},
				{
					"_id": "148888facababa0000000c01_REARSIGHT",
					"_tpl": "5ac72e475acfc400180ae6fe",
					"parentId": "148888facababa0000000c01",
					"slotId": "mod_sight_rear"
				},
				{
					"_id": "148888facababa0000000c01_STOCK",
					"_tpl": "5ac50c185acfc400163398d4",
					"parentId": "148888facababa0000000c01",
					"slotId": "mod_stock"
				},
				{
					"_id": "148888facababa0000000c01_MAGAZINE",
					"_tpl": "55d480c04bdc2d1d4e8b456a",
					"parentId": "148888facababa0000000c01",
					"slotId": "mod_magazine"
				},
				{
					"_id": "148888facababa0000000c01_HANDGUARD",
					"_tpl": "5cbda392ae92155f3c17c39f",
					"parentId": "148888facababa0000000c01_GASBLOCK",
					"slotId": "mod_handguard"
				}
			]
		},
		"WEAPON_PAN95_556_MFAC_PRESETID": {
			"_id": "WEAPON_PAN95_556_MFAC_PRESETID",
			"_type": "Preset",
			"_changeWeaponName": false,
			"_name": "WEAPON_PAN95_556_MFAC_PRESET",
			"_encyclopedia": "WEAPON_PAN95_556_MFAC",
			"_parent": "148888facababa0000000c02",
			"_items": [
				{
					"_id": "148888facababa0000000c02",
					"_tpl": "WEAPON_PAN95_556_MFAC"
				},
				{
					"_id": "148888facababa0000000c02_GASBLOCK",
					"_tpl": "59c6633186f7740cf0493bb9",
					"parentId": "148888facababa0000000c02",
					"slotId": "mod_gas_block"
				},
				{
					"_id": "148888facababa0000000c02_MUZZLE",
					"_tpl": "5ac72e615acfc43f67248aa0",
					"parentId": "148888facababa0000000c02",
					"slotId": "mod_muzzle"
				},
				{
					"_id": "148888facababa0000000c02_PISTOLGRIP",
					"_tpl": "5649ade84bdc2d1b2b8b4587",
					"parentId": "148888facababa0000000c02",
					"slotId": "mod_pistol_grip"
				},
				{
					"_id": "148888facababa0000000c02_RECIEVER",
					"_tpl": "5ac50da15acfc4001718d287",
					"parentId": "148888facababa0000000c02",
					"slotId": "mod_reciever"
				},
				{
					"_id": "148888facababa0000000c02_REARSIGHT",
					"_tpl": "5ac72e475acfc400180ae6fe",
					"parentId": "148888facababa0000000c02",
					"slotId": "mod_sight_rear"
				},
				{
					"_id": "148888facababa0000000c02_STOCK",
					"_tpl": "5ac50c185acfc400163398d4",
					"parentId": "148888facababa0000000c02",
					"slotId": "mod_stock"
				},
				{
					"_id": "148888facababa0000000c02_MAGAZINE",
					"_tpl": "5ac66c5d5acfc4001718d314",
					"parentId": "148888facababa0000000c02",
					"slotId": "mod_magazine"
				},
				{
					"_id": "148888facababa0000000c02_HANDGUARD",
					"_tpl": "5cbda392ae92155f3c17c39f",
					"parentId": "148888facababa0000000c02_GASBLOCK",
					"slotId": "mod_handguard"
				}
			]
		},
		"WEAPON_PAEK971_545_MFAC_PRESETID": {
			"_id": "WEAPON_PAEK971_545_MFAC_PRESETID",
			"_type": "Preset",
			"_changeWeaponName": false,
			"_name": "WEAPON_PAEK971_545_MFAC_PRESET",
			"_encyclopedia": "WEAPON_PAEK971_545_MFAC",
			"_parent": "148888facababa0000000c03",
			"_items": [
				{
					"_id": "148888facababa0000000c03",
					"_tpl": "WEAPON_PAEK971_545_MFAC"
				},
				{
					"_id": "148888facababa0000000c03_GASBLOCK",
					"_tpl": "59c6633186f7740cf0493bb9",
					"parentId": "148888facababa0000000c03",
					"slotId": "mod_gas_block"
				},
				{
					"_id": "148888facababa0000000c03_MUZZLE",
					"_tpl": "5ac7655e5acfc40016339a19",
					"parentId": "148888facababa0000000c03",
					"slotId": "mod_muzzle"
				},
				{
					"_id": "148888facababa0000000c03_PISTOLGRIP",
					"_tpl": "5649ade84bdc2d1b2b8b4587",
					"parentId": "148888facababa0000000c03",
					"slotId": "mod_pistol_grip"
				},
				{
					"_id": "148888facababa0000000c03_RECIEVER",
					"_tpl": "5ac50da15acfc4001718d287",
					"parentId": "148888facababa0000000c03",
					"slotId": "mod_reciever"
				},
				{
					"_id": "148888facababa0000000c03_REARSIGHT",
					"_tpl": "5ac72e475acfc400180ae6fe",
					"parentId": "148888facababa0000000c03",
					"slotId": "mod_sight_rear"
				},
				{
					"_id": "148888facababa0000000c03_STOCK",
					"_tpl": "5ac50c185acfc400163398d4",
					"parentId": "148888facababa0000000c03",
					"slotId": "mod_stock"
				},
				{
					"_id": "148888facababa0000000c03_MAGAZINE",
					"_tpl": "55d480c04bdc2d1d4e8b456a",
					"parentId": "148888facababa0000000c03",
					"slotId": "mod_magazine"
				},
				{
					"_id": "148888facababa0000000c03_HANDGUARD",
					"_tpl": "5cbda392ae92155f3c17c39f",
					"parentId": "148888facababa0000000c03_GASBLOCK",
					"slotId": "mod_handguard"
				}
			]
		},
		"WEAPON_POPSKS_762x39_MFAC_PRESETID": {
			"_id": "WEAPON_POPSKS_762x39_MFAC_PRESETID",
			"_type": "Preset",
			"_changeWeaponName": false,
			"_name": "WEAPON_POPSKS_762x39_MFAC_PRESET",
			"_encyclopedia": "WEAPON_POPSKS_762x39_MFAC",
			"_parent": "148888facababa0000000c04",
			"_items": [
				{
					"_id": "148888facababa0000000c04",
					"_tpl": "WEAPON_POPSKS_762x39_MFAC"
				},
				{
					"_id": "fd9a5eb76c9901258c96d648",
					"_tpl": "653ecef836fae5a82f02b869",
					"parentId": "148888facababa0000000c04",
					"slotId": "mod_stock"
				},
				{
					"_id": "00a88c2605da2955e0a4098e",
					"_tpl": "634eff66517ccc8a960fc735",
					"parentId": "148888facababa0000000c04",
					"slotId": "mod_barrel"
				},
				{
					"_id": "1d168f9872b11d976c3c93cb",
					"_tpl": "587df583245977373c4f1129",
					"parentId": "148888facababa0000000c04",
					"slotId": "mod_magazine"
				},
				{
					"_id": "f064df44da1508786eae6c8d",
					"_tpl": "6415c694da439c6a97048b56",
					"parentId": "148888facababa0000000c04",
					"slotId": "mod_reciever"
				},
				{
					"_id": "96d3e29f765ae34cf8af4acf",
					"_tpl": "634f05a21f9f536910079b56",
					"parentId": "00a88c2605da2955e0a4098e",
					"slotId": "mod_mount_000"
				},
				{
					"_id": "2bd1a3d2ee751e1aa6b8595f",
					"_tpl": "634f036a517ccc8a960fc746",
					"parentId": "96d3e29f765ae34cf8af4acf",
					"slotId": "mod_gas_block"
				},
				{
					"_id": "f23bc88254412384b2c67f1d",
					"_tpl": "574db213245977459a2f3f5d",
					"parentId": "96d3e29f765ae34cf8af4acf",
					"slotId": "mod_sight_rear"
				},
				{
					"_id": "d931730922e8b18164d03b82",
					"_tpl": "653ecc425a1690d9d90491e4",
					"parentId": "2bd1a3d2ee751e1aa6b8595f",
					"slotId": "mod_mount_000"
				}
		]
		},
		"WEAPON_PSTM9AUTO_9x19_MFAC_PRESETID": {
			"_id": "WEAPON_PSTM9AUTO_9x19_MFAC_PRESETID",
			"_type": "Preset",
			"_changeWeaponName": false,
			"_name": "WEAPON_PSTM9AUTO_9x19_MFAC_PRESET",
			"_encyclopedia": "WEAPON_PSTM9AUTO_9x19_MFAC",
			"_parent": "148888facababa0000000c05",
			"_items": [
				{
					"_id": "148888facababa0000000c05",
					"_tpl": "WEAPON_PSTM9AUTO_9x19_MFAC"
				},
				{
					"_id": "148888facababa0000000c05_PISTOLGRIP",
					"_tpl": "55802f5d4bdc2dac148b458f",
					"parentId": "148888facababa0000000c05",
					"slotId": "mod_pistol_grip"
				},
				{
					"_id": "148888facababa0000000c05_MAGAZINE",
					"_tpl": "5a718da68dc32e000d46d264",
					"parentId": "148888facababa0000000c05",
					"slotId": "mod_magazine"
				},
				{
					"_id": "148888facababa0000000c05_RECEIVER",
					"_tpl": "602e63fb6335467b0c5ac94d",
					"parentId": "148888facababa0000000c05",
					"slotId": "mod_reciever"
				},
				{
					"_id": "148888facababa0000000c05_BUFFER_TUBE",
					"_tpl": "5947e98b86f774778f1448bc",
					"parentId": "148888facababa0000000c05",
					"slotId": "mod_stock_001"
				},
				{
					"_id": "148888facababa0000000c05_CHARGING_HANDLE",
					"_tpl": "56ea7165d2720b6e518b4583",
					"parentId": "148888facababa0000000c05",
					"slotId": "mod_charge"
				},
				{
					"_id": "148888facababa0000000c05_REARSIGHT",
					"_tpl": "5fb6564947ce63734e3fa1da",
					"parentId": "148888facababa0000000c05_RECEIVER",
					"slotId": "mod_sight_rear"
				},
				{
					"_id": "148888facababa0000000c05_BARREL",
					"_tpl": "603372b4da11d6478d5a07ff",
					"parentId": "148888facababa0000000c05_RECEIVER",
					"slotId": "mod_barrel"
				},
				{
					"_id": "148888facababa0000000c05_MUZZLE",
					"_tpl": "60337f5dce399e10262255d1",
					"parentId": "148888facababa0000000c05_BARREL",
					"slotId": "mod_muzzle"
				},
				{
					"_id": "148888facababa0000000c05_HANDGUARD",
					"_tpl": "6034e3cb0ddce744014cb870",
					"parentId": "148888facababa0000000c05_RECEIVER",
					"slotId": "mod_handguard"
				},
				{
					"_id": "148888facababa0000000c05_FOREGRIP",
					"_tpl": "57cffce524597763b31685d8",
					"parentId": "148888facababa0000000c05_HANDGUARD",
					"slotId": "mod_foregrip"
				},
				{
					"_id": "148888facababa0000000c05_FRONTSIGHT",
					"_tpl": "5fb6567747ce63734e3fa1dc",
					"parentId": "148888facababa0000000c05_HANDGUARD",
					"slotId": "mod_sight_front"
				}
			]
		},
		"WEAPON_PM1911AUTO_1143x23_MFAC_PRESETID": {
			"_id": "WEAPON_PM1911AUTO_1143x23_MFAC_PRESETID",
			"_type": "Preset",
			"_changeWeaponName": false,
			"_name": "WEAPON_PM1911AUTO_1143x23_MFAC_PRESET",
			"_encyclopedia": "WEAPON_PM1911AUTO_1143x23_MFAC",
			"_parent": "148888facababa0000000c06",
			"_items": [
				{
					"_id": "148888facababa0000000c06",
					"_tpl": "WEAPON_PM1911AUTO_1143x23_MFAC"
				},
				{
					"_id": "148888facababa0000000c06_BARREL",
					"_tpl": "5e81c519cb2b95385c177551",
					"parentId": "148888facababa0000000c06",
					"slotId": "mod_barrel"
				},
				{
					"_id": "148888facababa0000000c06_PISTOLGRIP",
					"_tpl": "5e81c6bf763d9f754677beff",
					"parentId": "148888facababa0000000c06",
					"slotId": "mod_pistol_grip"
				},
				{
					"_id": "148888facababa0000000c06_RECEIVER",
					"_tpl": "5e81edc13397a21db957f6a1",
					"parentId": "148888facababa0000000c06",
					"slotId": "mod_reciever"
				},
				{
					"_id": "148888facababa0000000c06_MAGAZINE",
					"_tpl": "5e81c4ca763d9f754677befa",
					"parentId": "148888facababa0000000c06",
					"slotId": "mod_magazine"
				},
				{
					"_id": "148888facababa0000000c06_TRIGGER",
					"_tpl": "5e81c6a2ac2bb513793cdc7f",
					"parentId": "148888facababa0000000c06",
					"slotId": "mod_trigger"
				},
				{
					"_id": "148888facababa0000000c06_HAMMER",
					"_tpl": "5e81c550763d9f754677befd",
					"parentId": "148888facababa0000000c06",
					"slotId": "mod_hammer"
				},
				{
					"_id": "148888facababa0000000c06_CATCH",
					"_tpl": "5e81c539cb2b95385c177553",
					"parentId": "148888facababa0000000c06",
					"slotId": "mod_catch"
				},
				{
					"_id": "148888facababa0000000c06_REARSIGHT",
					"_tpl": "5e81ee4dcb2b95385c177582",
					"parentId": "148888facababa0000000c06_RECEIVER",
					"slotId": "mod_sight_rear"
				},
				{
					"_id": "148888facababa0000000c06_FRONTSIGHT",
					"_tpl": "5e81ee213397a21db957f6a6",
					"parentId": "148888facababa0000000c06_RECEIVER",
					"slotId": "mod_sight_front"
				},
				{
					"_id": "148888facababa0000000c06_MUZZLE",
					"_tpl": "5ef61964ec7f42238c31e0c1",
					"parentId": "148888facababa0000000c06_RECEIVER",
					"slotId": "mod_muzzle"
				}
			]
		},
		"WEAPON_PG17_9x19_MFAC_PRESETID": {
			"_id": "WEAPON_PG17_9x19_MFAC_PRESETID",
			"_type": "Preset",
			"_changeWeaponName": false,
			"_name": "WEAPON_PG17_9x19_MFAC_PRESET",
			"_encyclopedia": "WEAPON_PG17_9x19_MFAC",
			"_parent": "148888facababa0000000c07",
			"_items": [
				{
					"_id": "148888facababa0000000c07",
					"_tpl": "WEAPON_PG17_9x19_MFAC"
				},
				{
					"_id": "148888facababa0000000c07_BARREL",
					"_tpl": "5a6b5b8a8dc32e001207faf3",
					"parentId": "148888facababa0000000c07",
					"slotId": "mod_barrel"
				},
				{
					"_id": "148888facababa0000000c07_RECEIVER",
					"_tpl": "5a702d198dc32e000b452fc3",
					"parentId": "148888facababa0000000c07",
					"slotId": "mod_reciever"
				},
				{
					"_id": "148888facababa0000000c07_MAGAZINE",
					"_tpl": "5a718b548dc32e000d46d262",
					"parentId": "148888facababa0000000c07",
					"slotId": "mod_magazine"
				},
				{
					"_id": "148888facababa0000000c07_REARSIGHT",
					"_tpl": "5a7d9122159bd4001438dbf4",
					"parentId": "148888facababa0000000c07_RECEIVER",
					"slotId": "mod_sight_rear"
				},
				{
					"_id": "148888facababa0000000c07_FRONTSIGHT",
					"_tpl": "5a7d90eb159bd400165484f1",
					"parentId": "148888facababa0000000c07_RECEIVER",
					"slotId": "mod_sight_front"
				},
				{
					"_id": "148888facababa0000000c07_MUZZLE",
					"_tpl": "5a7ad0c451dfba0013379712",
					"parentId": "148888facababa0000000c07_BARREL",
					"slotId": "mod_muzzle"
				}
			]
		},
		"WEAPON_PM14_762x51_MFAC_PRESETID": {
			"_id": "WEAPON_PM14_762x51_MFAC_PRESETID",
			"_type": "Preset",
			"_changeWeaponName": false,
			"_name": "WEAPON_PM14_762x51_MFAC_PRESET",
			"_encyclopedia": "WEAPON_PM14_762x51_MFAC",
			"_parent": "148888facababa0000000c08",
			"_items": [
				{
					"_id": "148888facababa0000000c08",
					"_tpl": "WEAPON_PM14_762x51_MFAC"
				},
				{
					"_id": "148888facababa0000000c08_MAGAZINE",
					"_tpl": "5aaf8a0be5b5b00015693243",
					"parentId": "148888facababa0000000c08",
					"slotId": "mod_magazine"
				},
				{
					"_id": "148888facababa0000000c08_STOCK",
					"_tpl": "5aaf8e43e5b5b00015693246",
					"parentId": "148888facababa0000000c08",
					"slotId": "mod_stock"
				},
				{
					"_id": "148888facababa0000000c08_BARREL",
					"_tpl": "5aaf9d53e5b5b00015042a52",
					"parentId": "148888facababa0000000c08",
					"slotId": "mod_barrel"
				},
				{
					"_id": "148888facababa0000000c08_REARSIGHT",
					"_tpl": "5abcbb20d8ce87001773e258",
					"parentId": "148888facababa0000000c08",
					"slotId": "mod_sight_rear"
				},
				{
					"_id": "148888facababa0000000c08_MOUNT01",
					"_tpl": "5ab24ef9e5b5b00fe93c9209",
					"parentId": "148888facababa0000000c08_STOCK",
					"slotId": "mod_mount"
				},
				{
					"_id": "148888facababa0000000c08_MUZZLE",
					"_tpl": "5aafa1c2e5b5b00015042a56",
					"parentId": "148888facababa0000000c08_BARREL",
					"slotId": "mod_muzzle"
				},
				{
					"_id": "148888facababa0000000c08_FRONTSIGHT",
					"_tpl": "5aafa49ae5b5b00015042a58",
					"parentId": "148888facababa0000000c08_MUZZLE",
					"slotId": "mod_sight_front"
				}
			]
		},
		"WEAPON_PSVDS_762x54r_MFAC_PRESETID": {
			"_id": "WEAPON_PSVDS_762x54r_MFAC_PRESETID",
			"_type": "Preset",
			"_changeWeaponName": false,
			"_name": "WEAPON_PSVDS_762x54r_MFAC_PRESET",
			"_encyclopedia": "WEAPON_PSVDS_762x54r_MFAC",
			"_parent": "148888facababa0000000c09",
			"_items": [
				{
					"_id": "148888facababa0000000c09",
					"_tpl": "WEAPON_PSVDS_762x54r_MFAC"
				},
				{
					"_id": "148888facababa0000000c09_PISTOLGRIP",
					"_tpl": "5c471be12e221602b66cd9ac",
					"parentId": "148888facababa0000000c09",
					"slotId": "mod_pistol_grip"
				},
				{
					"_id": "148888facababa0000000c09_MAGAZINE",
					"_tpl": "5c471c442e221602b542a6f8",
					"parentId": "148888facababa0000000c09",
					"slotId": "mod_magazine"
				},
				{
					"_id": "148888facababa0000000c09_STOCK",
					"_tpl": "5c471b5d2e221602b21d4e14",
					"parentId": "148888facababa0000000c09",
					"slotId": "mod_stock"
				},
				{
					"_id": "148888facababa0000000c09_BARREL",
					"_tpl": "5c471cb32e221602b177afaa",
					"parentId": "148888facababa0000000c09",
					"slotId": "mod_barrel"
				},
				{
					"_id": "148888facababa0000000c09_MOUNT01",
					"_tpl": "5c471c2d2e22164bef5d077f",
					"parentId": "148888facababa0000000c09",
					"slotId": "mod_mount_001"
				},
				{
					"_id": "148888facababa0000000c09_RECIEVER",
					"_tpl": "5c471bd12e221602b4129c3a",
					"parentId": "148888facababa0000000c09",
					"slotId": "mod_reciever"
				},
				{
					"_id": "148888facababa0000000c09_MUZZLE",
					"_tpl": "5c471bfc2e221602b21d4e17",
					"parentId": "148888facababa0000000c09_BARREL",
					"slotId": "mod_muzzle"
				},
				{
					"_id": "148888facababa0000000c09_GASBLOCK",
					"_tpl": "5c471c842e221615214259b5",
					"parentId": "148888facababa0000000c09_BARREL",
					"slotId": "mod_gas_block"
				},
				{
					"_id": "148888facababa0000000c09_HANDGUARD",
					"_tpl": "5c471c6c2e221602b66cd9ae",
					"parentId": "148888facababa0000000c09_MOUNT01",
					"slotId": "mod_handguard"
				},
				{
					"_id": "148888facababa0000000c09_REARSIGHT",
					"_tpl": "5c471b7e2e2216152006e46c",
					"parentId": "148888facababa0000000c09_MOUNT01",
					"slotId": "mod_sight_rear"
				},
				{
					"_id": "148888facababa0000000c09_FRONTSIGHT",
					"_tpl": "5c471ba12e221602b3137d76",
					"parentId": "148888facababa0000000c09_MUZZLE",
					"slotId": "mod_sight_front"
				}
			]
		},
		"WEAPON_PSTM7AUTO_7x25_MFAC_PRESETID": {
			"_id": "WEAPON_PSTM7AUTO_7x25_MFAC_PRESETID",
			"_type": "Preset",
			"_changeWeaponName": false,
			"_name": "WEAPON_PSTM7AUTO_7x25_MFAC_PRESET",
			"_encyclopedia": "WEAPON_PSTM7AUTO_7x25_MFAC",
			"_parent": "148888facababa0000000c10",
			"_items": [
				{
					"_id": "148888facababa0000000c10",
					"_tpl": "WEAPON_PSTM7AUTO_7x25_MFAC"
				},
				{
					"_id": "148888facababa0000000c10_PISTOLGRIP",
					"_tpl": "55802f5d4bdc2dac148b458f",
					"parentId": "148888facababa0000000c10",
					"slotId": "mod_pistol_grip"
				},
				{
					"_id": "148888facababa0000000c10_MAGAZINE",
					"_tpl": "MAG_GLOCK_762x25_DRUM_MFAC",
					"parentId": "148888facababa0000000c10",
					"slotId": "mod_magazine"
				},
				{
					"_id": "148888facababa0000000c10_RECEIVER",
					"_tpl": "602e63fb6335467b0c5ac94d",
					"parentId": "148888facababa0000000c10",
					"slotId": "mod_reciever"
				},
				{
					"_id": "148888facababa0000000c10_BUFFER_TUBE",
					"_tpl": "5947e98b86f774778f1448bc",
					"parentId": "148888facababa0000000c10",
					"slotId": "mod_stock_001"
				},
				{
					"_id": "148888facababa0000000c10_CHARGING_HANDLE",
					"_tpl": "56ea7165d2720b6e518b4583",
					"parentId": "148888facababa0000000c10",
					"slotId": "mod_charge"
				},
				{
					"_id": "148888facababa0000000c10_REARSIGHT",
					"_tpl": "5fb6564947ce63734e3fa1da",
					"parentId": "148888facababa0000000c10_RECEIVER",
					"slotId": "mod_sight_rear"
				},
				{
					"_id": "148888facababa0000000c10_BARREL",
					"_tpl": "603372b4da11d6478d5a07ff",
					"parentId": "148888facababa0000000c10_RECEIVER",
					"slotId": "mod_barrel"
				},
				{
					"_id": "148888facababa0000000c10_MUZZLE",
					"_tpl": "60337f5dce399e10262255d1",
					"parentId": "148888facababa0000000c10_BARREL",
					"slotId": "mod_muzzle"
				},
				{
					"_id": "148888facababa0000000c10_HANDGUARD",
					"_tpl": "6034e3cb0ddce744014cb870",
					"parentId": "148888facababa0000000c10_RECEIVER",
					"slotId": "mod_handguard"
				},
				{
					"_id": "148888facababa0000000c10_FOREGRIP",
					"_tpl": "57cffce524597763b31685d8",
					"parentId": "148888facababa0000000c10_HANDGUARD",
					"slotId": "mod_foregrip"
				},
				{
					"_id": "148888facababa0000000c10_FRONTSIGHT",
					"_tpl": "5fb6567747ce63734e3fa1dc",
					"parentId": "148888facababa0000000c10_HANDGUARD",
					"slotId": "mod_sight_front"
				}
			]
		},
		"WEAPON_PFN46_46x30_MFAC_PRESETID": {
			"_id": "WEAPON_PFN46_46x30_MFAC_PRESETID",
			"_type": "Preset",
			"_changeWeaponName": false,
			"_name": "WEAPON_PFN46_46x30_MFAC_PRESET",
			"_encyclopedia": "WEAPON_PFN46_46x30_MFAC",
			"_parent": "148888facababa0000000c11",
			"_items": [
				{
					"_id": "148888facababa0000000c11",
					"_tpl": "WEAPON_PFN46_46x30_MFAC"
				},
				{
					"_id": "148888facababa0000000c11_BARREL",
					"_tpl": "5d3eb5b6a4b9361eab311902",
					"parentId": "148888facababa0000000c11",
					"slotId": "mod_barrel"
				},
				{
					"_id": "148888facababa0000000c11_RECIEVER",
					"_tpl": "5d3eb44aa4b93650d64e4979",
					"parentId": "148888facababa0000000c11",
					"slotId": "mod_reciever"
				},
				{
					"_id": "148888facababa0000000c11_MAGAZINE",
					"_tpl": "MAG_FN57_46x30_MFAC",
					"parentId": "148888facababa0000000c11",
					"slotId": "mod_magazine"
				},
				{
					"_id": "148888facababa0000000c11_SIGHTREAR",
					"_tpl": "5d3eb4aba4b93650d64e497d",
					"parentId": "148888facababa0000000c11_RECIEVER",
					"slotId": "mod_sight_rear"
				},
				{
					"_id": "148888facababa0000000c11_SIGHTFRONT",
					"_tpl": "5d3eb536a4b9363b1f22f8e2",
					"parentId": "148888facababa0000000c11_RECIEVER",
					"slotId": "mod_sight_front"
				}
			]
		},
		"WEAPON_PMT_9x18m_MFAC_PRESETID": {
			"_id": "WEAPON_PMT_9x18m_MFAC_PRESETID",
			"_type": "Preset",
			"_changeWeaponName": false,
			"_name": "WEAPON_PMT_9x18m_MFAC_PRESET",
			"_encyclopedia": "WEAPON_PMT_9x18m_MFAC",
			"_parent": "148888facababa0000000c12",
			"_items": [
				{
					"_id": "148888facababa0000000c12",
					"_tpl": "WEAPON_PMT_9x18m_MFAC"
				},
				{
					"_id": "148888facababa0000000c12_MAGAZINE",
					"_tpl": "5448c12b4bdc2d02308b456f",
					"parentId": "148888facababa0000000c12",
					"slotId": "mod_magazine"
				},
				{
					"_id": "148888facababa0000000c12_RECI",
					"_tpl": "6374a822e629013b9c0645c8",
					"parentId": "148888facababa0000000c12",
					"slotId": "mod_reciever"
				},
				{
					"_id": "148888facababa0000000c12_PG",
					"_tpl": "637b6d610aef6cfc5e02dd14",
					"parentId": "148888facababa0000000c12",
					"slotId": "mod_pistolgrip"
				},
				{
					"_id": "148888facababa0000000c12_SR",
					"_tpl": "63c6adcfb4ba094317063742",
					"parentId": "148888facababa0000000c12_RECI",
					"slotId": "mod_sight_rear"
				}
			]
		},
		"WEAPON_PPB_9x18m_MFAC_PRESETID": {
			"_id": "WEAPON_PPB_9x18m_MFAC_PRESETID",
			"_type": "Preset",
			"_changeWeaponName": false,
			"_name": "WEAPON_PPB_9x18m_MFAC_PRESET",
			"_encyclopedia": "WEAPON_PPB_9x18m_MFAC",
			"_parent": "148888facababa0000000c13",
			"_items": [
				{
					"_id": "148888facababa0000000c13",
					"_tpl": "WEAPON_PPB_9x18m_MFAC"
				},
				{
					"_id": "148888facababa0000000c13_MAGAZINE",
					"_tpl": "5448c12b4bdc2d02308b456f",
					"parentId": "148888facababa0000000c13",
					"slotId": "mod_magazine"
				},
				{
					"_id": "148888facababa0000000c13_PISTOLGRIP",
					"_tpl": "56e05a6ed2720bd0748b4567",
					"parentId": "148888facababa0000000c13",
					"slotId": "mod_pistolgrip"
				},
				{
					"_id": "148888facababa0000000c13_MUZZLE",
					"_tpl": "56e05b06d2720bb2668b4586",
					"parentId": "148888facababa0000000c13",
					"slotId": "mod_muzzle"
				}
			]
		},
		"WEAPON_PMP5V_9x18pm_MFAC_PRESETID": {
			"_id": "WEAPON_PMP5V_9x18pm_MFAC_PRESETID",
			"_type": "Preset",
			"_changeWeaponName": false,
			"_name": "WEAPON_PMP5V_9x18pm_MFAC_PRESET",
			"_encyclopedia": "WEAPON_PMP5V_9x18pm_MFAC",
			"_parent": "148888facababa0000000c14",
			"_items": [
				{
					"_id": "148888facababa0000000c14",
					"_tpl": "WEAPON_PMP5V_9x18pm_MFAC"
				},
				{
					"_id": "148888facababa0000000c14_MAGAZINE",
					"_tpl": "MAG_MP5_9x18pm_DRUM_MFAC",
					"parentId": "148888facababa0000000c14",
					"slotId": "mod_magazine"
				},
				{
					"_id": "148888facababa0000000c14_RECEIVER",
					"_tpl": "RECIEVER_MP5_SD_MFAC",
					"parentId": "148888facababa0000000c14",
					"slotId": "mod_reciever"
				},
				{
					"_id": "148888facababa0000000c14_CHARGE",
					"_tpl": "5926c32286f774616e42de99",
					"parentId": "148888facababa0000000c14",
					"slotId": "mod_charge"
				},
				{
					"_id": "148888facababa0000000c14_HANDGUARD",
					"_tpl": "5d010d1cd7ad1a59283b1ce7",
					"parentId": "148888facababa0000000c14_RECEIVER",
					"slotId": "mod_handguard"
				},
				{
					"_id": "148888facababa0000000c14_SIGHTREAR",
					"_tpl": "5926d2be86f774134d668e4e",
					"parentId": "148888facababa0000000c14_RECEIVER",
					"slotId": "mod_sight_rear"
				},
				{
					"_id": "148888facababa0000000c14_STOCK",
					"_tpl": "5926d3c686f77410de68ebc8",
					"parentId": "148888facababa0000000c14_RECEIVER",
					"slotId": "mod_stock"
				},
				{
					"_id": "148888facababa0000000c14_MUZZLE",
					"_tpl": "5926d33d86f77410de68ebc0",
					"parentId": "148888facababa0000000c14_RECEIVER",
					"slotId": "mod_muzzle"
				},
				{
					"_id": "148888facababa0000000c14_FOREGRIP",
					"_tpl": "5c87ca002e221600114cb150",
					"parentId": "148888facababa0000000c14_HANDGUARD",
					"slotId": "mod_foregrip"
				}
			]
		},
		"WEAPON_PM4C545_545x39_MFAC_PRESETID": {
			"_id": "WEAPON_PM4C545_545x39_MFAC_PRESETID",
			"_type": "Preset",
			"_changeWeaponName": false,
			"_name": "WEAPON_PM4C545_545x39_MFAC_PRESET",
			"_encyclopedia": "WEAPON_PM4C545_545x39_MFAC",
			"_parent": "148888facababa0000000c15",
			"_items": [
				{
					"_id": "148888facababa0000000c15",
					"_tpl": "WEAPON_PM4C545_545x39_MFAC"
				},
				{
					"_id": "148888facababa0000000c15_PISTOLGRIP",
					"_tpl": "5d15cf3bd7ad1a67e71518b2",
					"parentId": "148888facababa0000000c15",
					"slotId": "mod_pistol_grip"
				},
				{
					"_id": "148888facababa0000000c15_MAGAZINE",
					"_tpl": "MAG_AR15_545x39_PMAG30_MFAC",
					"parentId": "148888facababa0000000c15",
					"slotId": "mod_magazine"
				},
				{
					"_id": "148888facababa0000000c15_RECEIVER",
					"_tpl": "55d355e64bdc2d962f8b4569",
					"parentId": "148888facababa0000000c15",
					"slotId": "mod_reciever"
				},
				{
					"_id": "148888facababa0000000c15_STOCK",
					"_tpl": "591af10186f774139d495f0e",
					"parentId": "148888facababa0000000c15",
					"slotId": "mod_stock"
				},
				{
					"_id": "148888facababa0000000c15_CHARGE",
					"_tpl": "55d44fd14bdc2d962f8b456e",
					"parentId": "148888facababa0000000c15",
					"slotId": "mod_charge"
				},
				{
					"_id": "148888facababa0000000c15_BARREL",
					"_tpl": "55d3632e4bdc2d972f8b4569",
					"parentId": "148888facababa0000000c15_RECEIVER",
					"slotId": "mod_barrel"
				},
				{
					"_id": "148888facababa0000000c15_HANDGUARD",
					"_tpl": "5c78f2792e221600106f4683",
					"parentId": "148888facababa0000000c15_RECEIVER",
					"slotId": "mod_handguard"
				},
				{
					"_id": "148888facababa0000000c15_SIGHTREAR",
					"_tpl": "55d5f46a4bdc2d1b198b4567",
					"parentId": "148888facababa0000000c15_RECEIVER",
					"slotId": "mod_sight_rear"
				},
				{
					"_id": "148888facababa0000000c15_MUZZLE",
					"_tpl": "544a38634bdc2d58388b4568",
					"parentId": "148888facababa0000000c15_BARREL",
					"slotId": "mod_muzzle"
				},
				{
					"_id": "148888facababa0000000c15_GASBLOCK",
					"_tpl": "5ae30e795acfc408fb139a0b",
					"parentId": "148888facababa0000000c15_BARREL",
					"slotId": "mod_gas_block"
				},
				{
					"_id": "148888facababa0000000c15_FOREGRIP",
					"_tpl": "57cffcd624597763133760c5",
					"parentId": "148888facababa0000000c15_HANDGUARD",
					"slotId": "mod_foregrip"
				}
			]
		},
		"WEAPON_PRD762R_762x54R_MFAC_PRESETID": {
			"_id": "WEAPON_PRD762R_762x54R_MFAC_PRESETID",
			"_type": "Preset",
			"_changeWeaponName": false,
			"_name": "WEAPON_PRD762R_762x54R_MFAC_PRESET",
			"_encyclopedia": "WEAPON_PRD762R_762x54R_MFAC",
			"_parent": "148888facababa0000000c16",
			"_items": [
				{
					"_id": "148888facababa0000000c16",
					"_tpl": "WEAPON_PRD762R_762x54R_MFAC"
				},
				{
					"_id": "148888facababa0000000c16_GASBLOCK",
					"_tpl": "628a83c29179c324ed269508",
					"parentId": "148888facababa0000000c16",
					"slotId": "mod_gas_block"
				},
				{
					"_id": "148888facababa0000000c16_MUZZLE",
					"_tpl": "628a66b41d5e41750e314f34",
					"parentId": "148888facababa0000000c16",
					"slotId": "mod_muzzle"
				},
				{
					"_id": "148888facababa0000000c16_PISTOLGRIP",
					"_tpl": "5b30ac585acfc433000eb79c",
					"parentId": "148888facababa0000000c16",
					"slotId": "mod_pistol_grip"
				},
				{
					"_id": "148888facababa0000000c16_RECIEVER",
					"_tpl": "628a665a86cbd9750d2ff5e5",
					"parentId": "148888facababa0000000c16",
					"slotId": "mod_reciever"
				},
				{
					"_id": "148888facababa0000000c16_REARSIGHT",
					"_tpl": "628a7b23b0f75035732dd565",
					"parentId": "148888facababa0000000c16",
					"slotId": "mod_sight_rear"
				},
				{
					"_id": "148888facababa0000000c16_STOCK000",
					"_tpl": "628a6678ccaab13006640e49",
					"parentId": "148888facababa0000000c16",
					"slotId": "mod_stock_000"
				},
				{
					"_id": "148888facababa0000000c16_MAGAZINE",
					"_tpl": "5c88f24b2e22160bc12c69a6",
					"parentId": "148888facababa0000000c16",
					"slotId": "mod_magazine"
				},
				{
					"_id": "148888facababa0000000c16_STOCK",
					"_tpl": "5947e98b86f774778f1448bc",
					"parentId": "148888facababa0000000c16_STOCK000",
					"slotId": "mod_stock"
				}
			]
		},
		"WEAPON_PSAIGA12AUTO_MFAC_PRESETID": {
			"_id": "WEAPON_PSAIGA12AUTO_MFAC_PRESETID",
			"_type": "Preset",
			"_changeWeaponName": false,
			"_name": "WEAPON_PSAIGA12AUTO_MFAC_PRESET",
			"_encyclopedia": "WEAPON_PSAIGA12AUTO_MFAC",
			"_parent": "148888facababa0000000c17",
			"_items": [
				{
					"_id": "148888facababa0000000c17",
					"_tpl": "WEAPON_PSAIGA12AUTO_MFAC"
				},
				{
					"_id": "148888facababa0000000c17_MUZZLE",
					"_tpl": "58272d7f2459774f6311ddfd",
					"parentId": "148888facababa0000000c17",
					"slotId": "mod_muzzle"
				},
				{
					"_id": "148888facababa0000000c17_PISTOLGRIP",
					"_tpl": "5b30ac585acfc433000eb79c",
					"parentId": "148888facababa0000000c17",
					"slotId": "mod_pistol_grip"
				},
				{
					"_id": "148888facababa0000000c17_RECIEVER",
					"_tpl": "57616c112459773cce774d66",
					"parentId": "148888facababa0000000c17",
					"slotId": "mod_reciever"
				},
				{
					"_id": "148888facababa0000000c17_HANDGUARD",
					"_tpl": "576169e62459773c69055191",
					"parentId": "148888facababa0000000c17",
					"slotId": "mod_handguard"
				},
				{
					"_id": "148888facababa0000000c17_MAGAZINE",
					"_tpl": "57616a9e2459773c7a400234",
					"parentId": "148888facababa0000000c17",
					"slotId": "mod_magazine"
				},
				{
					"_id": "148888facababa0000000c17_REARSIGHT",
					"_tpl": "57a9b9ce2459770ee926038d",
					"parentId": "148888facababa0000000c17",
					"slotId": "mod_sight_rear"
				},
				{
					"_id": "148888facababa0000000c17_STOCK",
					"_tpl": "57616ca52459773c69055192",
					"parentId": "148888facababa0000000c17",
					"slotId": "mod_stock"
				}
			]
		},
		"WEAPON_P209_366TKM_MFAC_PRESETID": {
			"_id": "WEAPON_P209_366TKM_MFAC_PRESETID",
			"_type": "Preset",
			"_changeWeaponName": false,
			"_name": "WEAPON_P209_366TKM_MFAC_PRESET",
			"_encyclopedia": "WEAPON_P209_366TKM_MFAC",
			"_parent": "148888facababa0000000c18",
			"_items": [
				{
					"_id": "148888facababa0000000c18",
					"_tpl": "WEAPON_P209_366TKM_MFAC"
				},
				{
					"_id": "148888facababa0000000c18_GASBLOCK",
					"_tpl": "59d64ec286f774171d1e0a42",
					"parentId": "148888facababa0000000c18",
					"slotId": "mod_gas_block"
				},
				{
					"_id": "148888facababa0000000c18_MUZZLE",
					"_tpl": "59e8a00d86f7742ad93b569c",
					"parentId": "148888facababa0000000c18",
					"slotId": "mod_muzzle"
				},
				{
					"_id": "148888facababa0000000c18_PISTOLGRIP",
					"_tpl": "619b69037b9de8162902673e",
					"parentId": "148888facababa0000000c18",
					"slotId": "mod_pistol_grip"
				},
				{
					"_id": "148888facababa0000000c18_RECIEVER",
					"_tpl": "5d2c76ed48f03532f2136169",
					"parentId": "148888facababa0000000c18",
					"slotId": "mod_reciever"
				},
				{
					"_id": "148888facababa0000000c18_HANDGUARD",
					"_tpl": "5c9a07572e221644f31c4b32",
					"parentId": "148888facababa0000000c18_GASBLOCK",
					"slotId": "mod_handguard"
				},
				{
					"_id": "148888facababa0000000c18_MAGAZINE",
					"_tpl": "5a0060fc86f7745793204432",
					"parentId": "148888facababa0000000c18",
					"slotId": "mod_magazine"
				}
			]
		},
		"WEAPON_PG7TT_762x25_MFAC_PRESETID": {
			"_id": "WEAPON_PG7TT_762x25_MFAC_PRESETID",
			"_type": "Preset",
			"_changeWeaponName": false,
			"_name": "WEAPON_PG7TT_762x25_MFAC_PRESET",
			"_encyclopedia": "WEAPON_PG7TT_762x25_MFAC",
			"_parent": "148888facababa0000000c19",
			"_items": [
				{
					"_id": "148888facababa0000000c19",
					"_tpl": "WEAPON_PG7TT_762x25_MFAC"
				},
				{
					"_id": "148888facababa0000000c19_BARREL",
					"_tpl": "5a6b5b8a8dc32e001207faf3",
					"parentId": "148888facababa0000000c19",
					"slotId": "mod_barrel"
				},
				{
					"_id": "148888facababa0000000c19_RECEIVER",
					"_tpl": "5a702d198dc32e000b452fc3",
					"parentId": "148888facababa0000000c19",
					"slotId": "mod_reciever"
				},
				{
					"_id": "148888facababa0000000c19_MAGAZINE",
					"_tpl": "MAG_GLOCK_762x25_STD_MFAC",
					"parentId": "148888facababa0000000c19",
					"slotId": "mod_magazine"
				},
				{
					"_id": "148888facababa0000000c19_REARSIGHT",
					"_tpl": "5a7d9122159bd4001438dbf4",
					"parentId": "148888facababa0000000c19_RECEIVER",
					"slotId": "mod_sight_rear"
				},
				{
					"_id": "148888facababa0000000c19_FRONTSIGHT",
					"_tpl": "5a7d90eb159bd400165484f1",
					"parentId": "148888facababa0000000c19_RECEIVER",
					"slotId": "mod_sight_front"
				},
				{
					"_id": "148888facababa0000000c19_MUZZLE",
					"_tpl": "5a7ad0c451dfba0013379712",
					"parentId": "148888facababa0000000c19_BARREL",
					"slotId": "mod_muzzle"
				}
			]
		},
		"WEAPON_PMk939_9x39_MFAC_PRESETID": {
			"_id": "WEAPON_PMk939_9x39_MFAC_PRESETID",
			"_type": "Preset",
			"_changeWeaponName": false,
			"_name": "WEAPON_PMk939_9x39_MFAC_PRESET",
			"_encyclopedia": "WEAPON_PMk939_9x39_MFAC",
			"_parent": "148888facababa0000000c20",
			"_items": [
				{
					"_id": "148888facababa0000000c20",
					"_tpl": "WEAPON_PMk939_9x39_MFAC"
				},
				{
					"_id": "148888facababa0000000c20_PISTOLGRIP",
					"_tpl": "55802f5d4bdc2dac148b458f",
					"parentId": "148888facababa0000000c20",
					"slotId": "mod_pistol_grip"
				},
				{
					"_id": "148888facababa0000000c20_MAGAZINE",
					"_tpl": "5a9e81fba2750c00164f6b11",
					"parentId": "148888facababa0000000c20",
					"slotId": "mod_magazine"
				},
				{
					"_id": "148888facababa0000000c20_RECIEVER",
					"_tpl": "606587a88900dc2d9a55b659",
					"parentId": "148888facababa0000000c20",
					"slotId": "mod_reciever"
				},
				{
					"_id": "148888facababa0000000c20_STOCK001",
					"_tpl": "591aef7986f774139d495f03",
					"parentId": "148888facababa0000000c20",
					"slotId": "mod_stock_001"
				},
				{
					"_id": "148888facababa0000000c20_CHARGINGH",
					"_tpl": "606587bd6d0bd7580617bacc",
					"parentId": "148888facababa0000000c20",
					"slotId": "mod_charge"
				},
				{
					"_id": "148888facababa0000000c20_BARREL",
					"_tpl": "60658776f2cb2e02a42ace2b",
					"parentId": "148888facababa0000000c20_RECIEVER",
					"slotId": "mod_barrel"
				},
				{
					"_id": "148888facababa0000000c20_HANDGUARD",
					"_tpl": "6065880c132d4d12c81fd8da",
					"parentId": "148888facababa0000000c20_RECIEVER",
					"slotId": "mod_handguard"
				},
				{
					"_id": "148888facababa0000000c20_RS",
					"_tpl": "5fb6564947ce63734e3fa1da",
					"parentId": "148888facababa0000000c20_RECIEVER",
					"slotId": "mod_sight_rear"
				},
				{
					"_id": "148888facababa0000000c20_MUZZLE",
					"_tpl": "6130c43c67085e45ef1405a1",
					"parentId": "148888facababa0000000c20_BARREL",
					"slotId": "mod_muzzle"
				},
				{
					"_id": "148888facababa0000000c20_GASBLOCK",
					"_tpl": "6065dc8a132d4d12c81fd8e3",
					"parentId": "148888facababa0000000c20_BARREL",
					"slotId": "mod_gas_block"
				},
				{
					"_id": "148888facababa0000000c20_FS",
					"_tpl": "5fb6567747ce63734e3fa1dc",
					"parentId": "148888facababa0000000c20_HANDGUARD",
					"slotId": "mod_sight_front"
				}
			]
		},
		"WEAPON_SAWNOFF_127_MFAC_PRESETID": {
			"_id": "WEAPON_SAWNOFF_127_MFAC_PRESETID",
			"_type": "Preset",
			"_changeWeaponName": false,
			"_name": "WEAPON_SAWNOFF_127_MFAC_PRESET",
			"_encyclopedia": "WEAPON_SAWNOFF_127_MFAC",
			"_parent": "148888facababa0000000c21",
			"_items": [
				{
					"_id": "148888facababa0000000c21",
					"_tpl": "WEAPON_SAWNOFF_127_MFAC"
				},
				{
					"_id": "148888facababa0000000c21_barrel",
					"_tpl": "64748d02d1c009260702b526",
					"parentId": "148888facababa0000000c21",
					"slotId": "mod_barrel"
				}
			]
		},
		"WEAPON_PPKP_762x51_MFAC_PRESETID": {
			"_id": "WEAPON_PPKP_762x51_MFAC_PRESETID",
			"_type": "Preset",
			"_changeWeaponName": false,
			"_name": "WEAPON_PPKP_762x51_MFAC_PRESET",
			"_encyclopedia": "WEAPON_PPKP_762x51_MFAC",
			"_parent": "148888facababa0000000c22",
			"_items": [
				{
					"_id": "148888facababa0000000c22",
					"_tpl": "WEAPON_PPKP_762x51_MFAC"
				},
				{
					"_id": "148888facababa0000000c22_PG",
					"_tpl": "646371779f5f0ea59a04c204",
					"parentId": "148888facababa0000000c22",
					"slotId": "mod_pistolgrip"
				},
				{
					"_id": "148888facababa0000000c22_MAG",
					"_tpl": "MAG_PKM_762x51_BOX_MFAC",
					"parentId": "148888facababa0000000c22",
					"slotId": "mod_magazine"
				},
				{
					"_id": "148888facababa0000000c22_STOCK",
					"_tpl": "646371a9f2404ab67905c8e6",
					"parentId": "148888facababa0000000c22",
					"slotId": "mod_stock"
				},
				{
					"_id": "148888facababa0000000c22_BARREL",
					"_tpl": "BARREL_PKM_HEAVY_MFAC",
					"parentId": "148888facababa0000000c22",
					"slotId": "mod_barrel"
				},
				{
					"_id": "148888facababa0000000c22_BIPOD",
					"_tpl": "6464d870bb2c580352070cc4",
					"parentId": "148888facababa0000000c22",
					"slotId": "mod_bipod"
				},
				{
					"_id": "148888facababa0000000c22_HANDGUARD",
					"_tpl": "6491c6f6ef312a876705191b",
					"parentId": "148888facababa0000000c22",
					"slotId": "mod_handguard"
				},
				{
					"_id": "148888facababa0000000c22_SR",
					"_tpl": "57ffb0062459777a045af529",
					"parentId": "148888facababa0000000c22",
					"slotId": "mod_sight_rear"
				},
				{
					"_id": "148888facababa0000000c22_MUZI",
					"_tpl": "5cdd7693d7f00c0010373aa5",
					"parentId": "148888facababa0000000c22_BARREL",
					"slotId": "mod_muzzle"
				},
				{
					"_id": "148888facababa0000000c22_HOLOS",
					"_tpl": "58491f3324597764bc48fa02",
					"parentId": "148888facababa0000000c22_SR",
					"slotId": "mod_scope"
				}
			]
		},
		"WEAPON_PPKP_12g_MFAC_PRESETID": {
			"_id": "WEAPON_PPKP_12g_MFAC_PRESETID",
			"_type": "Preset",
			"_changeWeaponName": false,
			"_name": "WEAPON_PPKP_12g_MFAC_PRESET",
			"_encyclopedia": "WEAPON_PPKP_12g_MFAC",
			"_parent": "148888facababa0000000c23",
			"_items": [
				{
					"_id": "148888facababa0000000c23",
					"_tpl": "WEAPON_PPKP_12g_MFAC"
				},
				{
					"_id": "148888facababa0000000c23_PG",
					"_tpl": "646371779f5f0ea59a04c204",
					"parentId": "148888facababa0000000c23",
					"slotId": "mod_pistolgrip"
				},
				{
					"_id": "148888facababa0000000c23_MAG",
					"_tpl": "MAG_PKM_12g_BOX_MFAC",
					"parentId": "148888facababa0000000c23",
					"slotId": "mod_magazine"
				},
				{
					"_id": "148888facababa0000000c23_STOCK",
					"_tpl": "646371a9f2404ab67905c8e6",
					"parentId": "148888facababa0000000c23",
					"slotId": "mod_stock"
				},
				{
					"_id": "148888facababa0000000c23_BARREL",
					"_tpl": "588200af24597742fa221dfb",
					"parentId": "148888facababa0000000c23",
					"slotId": "mod_barrel"
				},
				{
					"_id": "148888facababa0000000c23_BIPOD",
					"_tpl": "6464d870bb2c580352070cc4",
					"parentId": "148888facababa0000000c23",
					"slotId": "mod_bipod"
				},
				{
					"_id": "148888facababa0000000c23_HANDGUARD",
					"_tpl": "6491c6f6ef312a876705191b",
					"parentId": "148888facababa0000000c23",
					"slotId": "mod_handguard"
				},
				{
					"_id": "148888facababa0000000c23_srm",
					"_tpl": "5f2aa49f9b44de6b1b4e68d4",
					"parentId": "148888facababa0000000c23",
					"slotId": "mod_sight_rear"
				},
				{
					"_id": "148888facababa0000000c23_MUZI",
					"_tpl": "560838c94bdc2d77798b4569",
					"parentId": "148888facababa0000000c23_BARREL",
					"slotId": "mod_muzzle"
				},
                {
                    "_id": "148888facababa0000000c23_sr",
                    "_tpl": "5bc09a18d4351e003562b68e",
                    "parentId": "148888facababa0000000c23_srm",
                    "slotId": "mod_sight_rear"
                },
                {
                    "_id": "148888facababa0000000c23_sf",
                    "_tpl": "5bc09a30d4351e00367fb7c8",
                    "parentId": "148888facababa0000000c23_srm",
                    "slotId": "mod_sight_front"
                }
			]
		},
		"WEAPON_PRHINO_MFAC_PRESETID": {
			"_id": "WEAPON_PRHINO_MFAC_PRESETID",
			"_type": "Preset",
			"_changeWeaponName": false,
			"_name": "WEAPON_PRHINO_MFAC_PRESET",
			"_encyclopedia": "WEAPON_PRHINO_MFAC",
			"_parent": "148888facababa0000000c24",
			"_items": [
				{
					"_id": "148888facababa0000000c24",
					"_tpl": "WEAPON_PRHINO_MFAC"
				},
				{
					"_id": "148888facababa0000000c24_mag",
					"_tpl": "MAG_PRHINO_CYLINDER_MFAC",
					"parentId": "148888facababa0000000c24",
					"slotId": "mod_magazine"
				},
				{
					"_id": "148888facababa0000000c24_sf",
					"_tpl": "619f52454c58466fe122843b",
					"parentId": "148888facababa0000000c24",
					"slotId": "mod_sight_front"
				},
				{
					"_id": "148888facababa0000000c24_pg",
					"_tpl": "619f4ab2d25cbd424731fb95",
					"parentId": "148888facababa0000000c24",
					"slotId": "mod_pistol_grip"
				}
		]
		}

	},
	"config": {
		"Mastering": []
	}
}