{
  "BARREL_PKM_HEAVY_MFAC": {
    "clone": "646371faf2404ab67905c8e9",
    "enable": true,
    "item": {
      "_props": {
        "Slots": [
          {
            "_id": "BARREL_PKM_HEAVY_MFACmuzi",
            "_mergeSlotWithChildren": false,
            "_name": "mod_muzzle",
            "_parent": "BARREL_PKM_HEAVY_MFAC",
            "_props": {
              "filters": [
                {
                  "Filter": [
                    "6492ef63cfcf7c89e701abf1",
                    "6492efb8cfcf7c89e701abf3",
                    "6492efe46cc7e29a6f03b2a0",
                    "612e0d3767085e45ef14057f",
                    "5b7d693d5acfc43bca706a3d",
                    "5a34fd2bc4a282329a73b4c5",
                    "6065c6e7132d4d12c81fd8e1",
                    "5d1f819086f7744b355c219b",
                    "5dcbe965e4ed22586443a79d",
                    "5d026791d7ad1a04a067ea63",
                    "5dfa3cd1b33c0951220c079b",
                    "6130c43c67085e45ef1405a1",
                    "5cdd7685d7f00c000f260ed2",
                    "5c878e9d2e2216000f201903",
                    "5d02677ad7ad1a04a15c0f95",
                    "5bbdb8bdd4351e4502011460",
                    "5cdd7693d7f00c0010373aa5",
                    "607ffb988900dc2d9a55b6e4",
                    "615d8eb350224f204c1da1cf",
                    "612e0e3c290d254f5e6b291d",
                    "5d443f8fa4b93678dd4a01aa",
                    "5c7954d52e221600106f4cc7",
                    "5fbc22ccf24b94483f726483",
                    "59bffc1f86f77435b128b872",
                    "5cf78496d7f00c065703d6ca",
                    "5d270ca28abbc31ee25ee821",
                    "5d270b3c8abbc3105335cfb8",
                    "5fbe7618d6fa9c00c571bb6c",
                    "618178aa1cb55961fa0fdc80",
                    "628a66b41d5e41750e314f34"
                  ],
                  "Shift": 0
                }
              ]
            },
            "_proto": "55d30c4c4bdc2db4468b457e",
            "_required": false
          }
        ],
        "BackgroundColor": "red",
        "Weight": 2.7,
        "Accuracy": 0,
        "Recoil": -10,
        "Ergonomics": -14,
        "CenterOfImpact": 0.024,
        "HeatFactor": 0.40,
        "CoolFactor": 1.80,
        "ShotgunDispersion": 0.12
      }
    },
    "handbook": {
      "ParentId": "5b5f75c686f774094242f19f",
      "Price": 70000
    },
    "locales": {
      "en": {
        "Name": "<color=#a1ffba>MFAC</color> PPKM 658mm heavy barrel",
        "ShortName": "PPKM 658mm",
        "Description": "MFAC PPKM 658mm heavy barrel. DUPLEX AMMO READY."
      }
    }
  },
  "BARREL_M1A_HEAVY_MFAC": {
    "clone": "5addbac75acfc400194dbc56",
    "enable": true,
    "item": {
      "_props": {
        "BackgroundColor": "red",
        "Weight": 2.4,
        "Accuracy": 0,
        "Recoil": -16,
        "Ergonomics": -27,
        "CenterOfImpact": 0.038,
        "HeatFactor": 0.40,
        "CoolFactor": 1.80,
        "ShotgunDispersion": 0.06
      }
    },
    "handbook": {
      "ParentId": "5b5f75c686f774094242f19f",
      "Price": 55500
    },
    "locales": {
      "en": {
        "Name": "<color=#a1ffba>MFAC</color> M14 7.62x51 22 inch heavy barrel",
        "ShortName": "PM14 22\"",
        "Description": "MFAC M14 7.62x51 22 inch heavy barrel. DUPLEX AMMO READY."
      }
    }
  },
  "BARREL_M1A_SHORTHEAVY_MFAC": {
    "clone": "5aaf9d53e5b5b00015042a52",
    "enable": true,
    "item": {
      "_props": {
        "BackgroundColor": "red",
        "Weight": 1.84,
        "Accuracy": 0,
        "Recoil": -12,
        "Ergonomics": -17,
        "CenterOfImpact": 0.042,
        "HeatFactor": 0.65,
        "CoolFactor": 1.60,
        "ShotgunDispersion": 0.12,
        "Slots": [
          {
            "_name": "mod_muzzle",
            "_id": "000M14HeavySBARRELmuzzle000",
            "_parent": "BARREL_M1A_SHORTHEAVY_MFAC",
            "_props": {
              "filters": [
                {
                  "Shift": 0,
                  "Filter": [
                    "5ab3afb2d8ce87001660304d",
                    "5aafa1c2e5b5b00015042a56",
                    "612e0d3767085e45ef14057f",
                    "5b7d693d5acfc43bca706a3d",
                    "5a34fd2bc4a282329a73b4c5",
                    "6065c6e7132d4d12c81fd8e1",
                    "5d1f819086f7744b355c219b",
                    "5dcbe965e4ed22586443a79d",
                    "5d026791d7ad1a04a067ea63",
                    "5dfa3cd1b33c0951220c079b",
                    "6130c43c67085e45ef1405a1",
                    "5cdd7685d7f00c000f260ed2",
                    "5c878e9d2e2216000f201903",
                    "5d02677ad7ad1a04a15c0f95",
                    "5bbdb8bdd4351e4502011460",
                    "5cdd7693d7f00c0010373aa5",
                    "607ffb988900dc2d9a55b6e4",
                    "615d8eb350224f204c1da1cf",
                    "612e0e3c290d254f5e6b291d",
                    "5d443f8fa4b93678dd4a01aa",
                    "5addbb825acfc408fb139400",
                    "5addbb945acfc4001a5fc44e",
                    "5addbba15acfc400185c2854",
                    "5addbbb25acfc40015621bd9",
                    "5addbb6e5acfc408fb1393fd",
                    "5c7954d52e221600106f4cc7",
                    "59bffc1f86f77435b128b872",
                    "5cf78496d7f00c065703d6ca"
                  ]
                }
              ]
            },
            "_required": true,
            "_mergeSlotWithChildren": false,
            "_proto": "55d30c4c4bdc2db4468b457e"
          }
        ]
      }
    },
    "handbook": {
      "ParentId": "5b5f75c686f774094242f19f",
      "Price": 50500
    },
    "locales": {
      "en": {
        "Name": "<color=#a1ffba>MFAC</color> M14 7.62x51 16 inch heavy barrel",
        "ShortName": "PM14 16\"",
        "Description": "MFAC M14 7.62x51 16 inch heavy barrel DUPLEX AMMO READY."
      }
    }
  },
  "BARREL_SVD_22HEAVY_MFAC": {
    "clone": "5c471cb32e221602b177afaa",
    "enable": true,
    "item": {
      "_props": {
        "BackgroundColor": "red",
        "Weight": 2.4,
        "Accuracy": 0,
        "Recoil": -21,
        "Ergonomics": -27,
        "CenterOfImpact": 0.038,
        "HeatFactor": 0.40,
        "CoolFactor": 1.80,
        "Slots": [
          {
            "_name": "mod_muzzle",
            "_id": "5c471cb32e221602b177afac",
            "_parent": "BARREL_SVD_22HEAVY_MFAC",
            "_props": {
              "filters": [
                {
                  "Shift": 0,
                  "Filter": [
                    "5c471bfc2e221602b21d4e17",
                    "5ab3afb2d8ce87001660304d",
                    "5aafa1c2e5b5b00015042a56",
                    "612e0d3767085e45ef14057f",
                    "5b7d693d5acfc43bca706a3d",
                    "5a34fd2bc4a282329a73b4c5",
                    "6065c6e7132d4d12c81fd8e1",
                    "5d1f819086f7744b355c219b",
                    "5dcbe965e4ed22586443a79d",
                    "5d026791d7ad1a04a067ea63",
                    "5dfa3cd1b33c0951220c079b",
                    "6130c43c67085e45ef1405a1",
                    "5cdd7685d7f00c000f260ed2",
                    "5c878e9d2e2216000f201903",
                    "5d02677ad7ad1a04a15c0f95",
                    "5bbdb8bdd4351e4502011460",
                    "5cdd7693d7f00c0010373aa5",
                    "607ffb988900dc2d9a55b6e4",
                    "615d8eb350224f204c1da1cf",
                    "612e0e3c290d254f5e6b291d",
                    "5d443f8fa4b93678dd4a01aa",
                    "5addbb825acfc408fb139400",
                    "5addbb945acfc4001a5fc44e",
                    "5addbba15acfc400185c2854",
                    "5addbbb25acfc40015621bd9",
                    "5addbb6e5acfc408fb1393fd",
                    "5c7954d52e221600106f4cc7",
                    "59bffc1f86f77435b128b872",
                    "5cf78496d7f00c065703d6ca"
                  ]
                }
              ]
            },
            "_required": false,
            "_mergeSlotWithChildren": false,
            "_proto": "55d30c4c4bdc2db4468b457e"
          },
          {
            "_name": "mod_gas_block",
            "_id": "5c471cb32e221602b177afad",
            "_parent": "BARREL_SVD_22HEAVY_MFAC",
            "_props": {
              "filters": [
                {
                  "Shift": 0,
                  "Filter": [
                    "5c471c842e221615214259b5"
                  ]
                }
              ]
            },
            "_required": true,
            "_mergeSlotWithChildren": false,
            "_proto": "55d30c4c4bdc2db4468b457e"
          },
          {
            "_name": "mod_mount",
            "_id": "5e56a9e5c42ea42b0f3915fb",
            "_parent": "BARREL_SVD_22HEAVY_MFAC",
            "_props": {
              "filters": [
                {
                  "Shift": 0,
                  "Filter": [
                    "5e569a132642e66b0b68015c"
                  ]
                }
              ]
            },
            "_required": false,
            "_mergeSlotWithChildren": false,
            "_proto": "55d30c4c4bdc2db4468b457e"
          }
        ]
      }
    },
    "handbook": {
      "ParentId": "5b5f75c686f774094242f19f",
      "Price": 55500
    },
    "locales": {
      "en": {
        "Name": "<color=#a1ffba>MFAC</color> SVDS 7.62x54R 22 inch heavy barrel",
        "ShortName": "PSVDS 22\"H",
        "Description": "MFAC SVDS 7.62x54R 22 inch heavy barrel"
      }
    }
  },
  "RECIEVER_MP5_SD_MFAC": {
    "clone": "5926f2e086f7745aae644231",
    "enable": true,
    "item": {
      "_props": {
        "BackgroundColor": "red",
        "Ergonomics": 5
      }
    },
    "handbook": {
      "ParentId": "5b5f764186f77447ec5d7714",
      "Price": 20000
    },
    "locales": {
      "en": {
        "Name": "<color=#a1ffba>MFAC</color> HK MP5VSD upper receiver",
        "ShortName": "MP5VSD",
        "Description": "MFAC HK MP5VSD upper receiver modified for installation of a wider variety of handguards"
      }
    },
    "addToThisItemsFilters": {
      "mod_handguard": [
        "5a9548c9159bd400133e97b3",
        "5d010d1cd7ad1a59283b1ce7",
        "5926c36d86f77467a92a8629",
        "5d19cd96d7ad1a4a992c9f52"
      ]
    }
  },
  "MAG_PRHINO_CYLINDER_MFAC": {
    "clone": "624c3074dbbd335e8e6becf3",
    "enableCloneCompats": false,
    "enableCloneConflicts": false,
    "enable": true,
    "item": {
      "_props": {
        "Name": "MAG_PRHINO_CYLINDER_MFAC",
        "ShortName": "MAG_PRHINO_CYLINDER_MFAC",
        "Description": "MAG_PRHINO_CYLINDER_MFAC",
        "Cartridges": [
          {
            "_id": "624c3074dbbd335e8e6becfb",
            "_max_count": 6,
            "_name": "cartridges",
            "_parent": "624c3074dbbd335e8e6becf3",
            "_props": {
              "filters": [
                {
                  "Filter": [
                    "5a269f97c4a282000b151807",
                    "5a26abfac4a28232980eabff",
                    "5a26ac06c4a282000c5a90a8",
                    "5a26ac0ec4a28200741e1e18"
                  ]
                }
              ]
            },
            "_proto": "5748538b2459770af276a261"
          }
        ],
        "Slots": [
          {
            "_id": "624c3074dbbd335e8e6becf5",
            "_mergeSlotWithChildren": false,
            "_name": "camora_000",
            "_parent": "624c3074dbbd335e8e6becf3",
            "_props": {
              "filters": [
                {
                  "Filter": [
                    "5a269f97c4a282000b151807",
                    "5a26abfac4a28232980eabff",
                    "5a26ac06c4a282000c5a90a8",
                    "5a26ac0ec4a28200741e1e18",
                    "6576f93989f0062e741ba952",
                    "6576f4708ca9c4381d16cd9d"
                  ],
                  "MaxStackCount": 1
                }
              ]
            },
            "_proto": "55d4af244bdc2d962f8b4571",
            "_required": false
          },
          {
            "_id": "624c3074dbbd335e8e6becf6",
            "_mergeSlotWithChildren": false,
            "_name": "camora_001",
            "_parent": "624c3074dbbd335e8e6becf3",
            "_props": {
              "filters": [
                {
                  "Filter": [
                    "5a269f97c4a282000b151807",
                    "5a26abfac4a28232980eabff",
                    "5a26ac06c4a282000c5a90a8",
                    "5a26ac0ec4a28200741e1e18",
                    "6576f93989f0062e741ba952",
                    "6576f4708ca9c4381d16cd9d"
                  ],
                  "MaxStackCount": 1
                }
              ]
            },
            "_proto": "55d4af244bdc2d962f8b4571",
            "_required": false
          },
          {
            "_id": "624c3074dbbd335e8e6becf7",
            "_mergeSlotWithChildren": false,
            "_name": "camora_002",
            "_parent": "624c3074dbbd335e8e6becf3",
            "_props": {
              "filters": [
                {
                  "Filter": [
                    "5a269f97c4a282000b151807",
                    "5a26abfac4a28232980eabff",
                    "5a26ac06c4a282000c5a90a8",
                    "5a26ac0ec4a28200741e1e18",
                    "6576f93989f0062e741ba952",
                    "6576f4708ca9c4381d16cd9d"
                  ],
                  "MaxStackCount": 1
                }
              ]
            },
            "_proto": "55d4af244bdc2d962f8b4571",
            "_required": false
          },
          {
            "_id": "624c3074dbbd335e8e6becf8",
            "_mergeSlotWithChildren": false,
            "_name": "camora_003",
            "_parent": "624c3074dbbd335e8e6becf3",
            "_props": {
              "filters": [
                {
                  "Filter": [
                    "5a269f97c4a282000b151807",
                    "5a26abfac4a28232980eabff",
                    "5a26ac06c4a282000c5a90a8",
                    "5a26ac0ec4a28200741e1e18",
                    "6576f93989f0062e741ba952",
                    "6576f4708ca9c4381d16cd9d"
                  ],
                  "MaxStackCount": 1
                }
              ]
            },
            "_proto": "55d4af244bdc2d962f8b4571",
            "_required": false
          },
          {
            "_id": "624c3074dbbd335e8e6becf9",
            "_mergeSlotWithChildren": false,
            "_name": "camora_004",
            "_parent": "624c3074dbbd335e8e6becf3",
            "_props": {
              "filters": [
                {
                  "Filter": [
                    "5a269f97c4a282000b151807",
                    "5a26abfac4a28232980eabff",
                    "5a26ac06c4a282000c5a90a8",
                    "5a26ac0ec4a28200741e1e18",
                    "6576f93989f0062e741ba952",
                    "6576f4708ca9c4381d16cd9d"
                  ],
                  "MaxStackCount": 1
                }
              ]
            },
            "_proto": "55d4af244bdc2d962f8b4571",
            "_required": false
          },
          {
            "_id": "624c3074dbbd335e8e6becfa",
            "_mergeSlotWithChildren": false,
            "_name": "camora_005",
            "_parent": "624c3074dbbd335e8e6becf3",
            "_props": {
              "filters": [
                {
                  "Filter": [
                    "5a269f97c4a282000b151807",
                    "5a26abfac4a28232980eabff",
                    "5a26ac06c4a282000c5a90a8",
                    "5a26ac0ec4a28200741e1e18",
                    "6576f93989f0062e741ba952",
                    "6576f4708ca9c4381d16cd9d"
                  ],
                  "MaxStackCount": 1
                }
              ]
            },
            "_proto": "55d4af244bdc2d962f8b4571",
            "_required": false
          }
        ]
      }
    },
    "handbook": {
      "ParentId": "5b5f754a86f774094242f19b",
      "Price": 5000
    },
    "locales": {
      "en": {
        "Name": "<color=#a1ffba>MFAC</color> PRhino 9x21 6-round cylinder",
        "ShortName": "PR cyl.",
        "Description": "MFAC PRhino 9x21 6-round cylinder"
      }
    }
  },
  "MAG_PKM_762x51_BOX_MFAC": {
    "clone": "646372518610c40fc20204e8",
    "enableCloneCompats": false,
    "enableCloneConflicts": false,
    "enable": true,
    "item": {
      "_id": "MAG_PKM_762x51_BOX_MFAC",
      "_name": "MAG_PKM_762x51_BOX_MFAC",
      "_parent": "5448bc234bdc2d3c308b4569",
      "_type": "Item",
      "_props": {
        "Name": "MAG_PKM_762x51_BOX_MFAC",
        "ShortName": "MAG_PKM_762x51_BOX_MFAC",
        "Description": "MAG_PKM_762x51_BOX_MFAC",
        "Weight": 0.2,
        "BackgroundColor": "red",
        "Width": 2,
        "Height": 2,
        "Accuracy": 0,
        "Recoil": 0,
        "Loudness": 0,
        "EffectiveDistance": 0,
        "Ergonomics": -30,
        "Velocity": 0,
        "Cartridges": [
          {
            "_name": "cartridges",
            "_id": "MAG_PKM_762x51_BOX_MFACcar",
            "_parent": "MAG_PKM_762x51_BOX_MFAC",
            "_max_count": 200,
            "_props": {
              "filters": [
                {
                  "Filter": [
                    "5a6086ea4f39f99cd479502f",
                    "5a608bf24f39f98ffc77720e",
                    "58dd3ad986f77403051cba8f",
                    "5e023e53d4353e3302577c4c",
                    "5efb0c1bd79ff02a1f5e68d9",
                    "5e023e6e34d52a55c3304f71",
                    "5e023e88277cce2b522ff2b1"
                  ]
                }
              ]
            },
            "_proto": "5748538b2459770af276a261"
          }
        ]
      }
    },
    "handbook": {
      "ParentId": "5b5f754a86f774094242f19b",
      "Price": 20000
    },
    "locales": {
      "en": {
        "Name": "<color=#a1ffba>MFAC</color> PPKM308 200-round box magazine",
        "ShortName": "PPKM308",
        "Description": "MFAC PPKM308 200-round box magazine"
      }
    }
  },
  "MAG_PKM_12g_BOX_MFAC": {
    "clone": "646372518610c40fc20204e8",
    "enableCloneCompats": false,
    "enableCloneConflicts": false,
    "enable": true,
    "item": {
      "_id": "MAG_PKM_12g_BOX_MFAC",
      "_name": "MAG_PKM_12g_BOX_MFAC",
      "_parent": "5448bc234bdc2d3c308b4569",
      "_type": "Item",
      "_props": {
        "Name": "MAG_PKM_12g_BOX_MFAC",
        "ShortName": "MAG_PKM_12g_BOX_MFAC",
        "Description": "MAG_PKM_12g_BOX_MFAC",
        "Weight": 0.1,
        "BackgroundColor": "red",
        "Width": 2,
        "Height": 2,
        "Accuracy": 0,
        "Recoil": 0,
        "Loudness": 0,
        "EffectiveDistance": 0,
        "Ergonomics": -30,
        "Velocity": 0,
        "Cartridges": [
          {
            "_name": "cartridges",
            "_id": "MAG_PKM_12g_BOX_MFACcar",
            "_parent": "MAG_PKM_12g_BOX_MFAC",
            "_max_count": 100,
            "_props": {
              "filters": [
                {
                  "Filter": [
                    "560d5e524bdc2d25448b4571",
                    "5d6e6772a4b936088465b17c",
                    "5d6e67fba4b9361bc73bc779",
                    "5d6e6806a4b936088465b17e",
                    "5d6e68dea4b9361bcc29e659",
                    "5d6e6911a4b9361bd5780d52",
                    "5c0d591486f7744c505b416f",
                    "58820d1224597753c90aeb13",
                    "5d6e68c4a4b9361b93413f79",
                    "5d6e68a8a4b9360b6c0d54e2",
                    "5d6e68e6a4b9361c140bcfe0",
                    "5d6e6869a4b9361c140bcfde",
                    "5d6e68b3a4b9361bca7e50b5",
                    "5d6e6891a4b9361bd473feea",
                    "5d6e689ca4b9361bc8618956",
                    "5d6e68d1a4b93622fe60e845",
                    "64b8ee384b75259c590fa89b"
                  ]
                }
              ]
            },
            "_proto": "5748538b2459770af276a261"
          }
        ]
      }
    },
    "handbook": {
      "ParentId": "5b5f754a86f774094242f19b",
      "Price": 20000
    },
    "locales": {
      "en": {
        "Name": "<color=#a1ffba>MFAC</color> PPKM12g 100-round box magazine",
        "ShortName": "PPKM12g",
        "Description": "MFAC PPKM12g 100-round box magazine"
      }
    }
  },
  "MAG_SVD_762x54_DRUM_MFAC": {
    "clone": "5c88f24b2e22160bc12c69a6",
    "enable": true,
    "item": {
      "_props": {
        "Prefab": {
          "path": "assets/content/items/mods/magazines/mag_sks_kci_drum_762x39_75.bundle",
          "rcid": ""
        },
        "Cartridges": [
          {
            "_name": "cartridges",
            "_id": "000SVD7500",
            "_parent": "MAG_SVD_762x54_DRUM_MFAC",
            "_max_count": 75,
            "_props": {
              "filters": [
                {
                  "Filter": [
                    "5e023d34e8a400319a28ed44",
                    "5e023d48186a883be655e551",
                    "5e023cf8186a883be655e54f",
                    "59e77a2386f7742ee578960a",
                    "5887431f2459777e1612938f",
                    "560d61e84bdc2da74d8b4571",
                    "64b8f7c241772715af0f9c3d",
                    "64b8f7968532cf95ee0a0dbf",
                    "64b8f7b5389d7ffd620ccba2"
                  ]
                }
              ]
            },
            "_proto": "5748538b2459770af276a261"
          }
        ],
        "magAnimationIndex": 2,
        "Ergonomics": -17,
        "BackgroundColor": "red",
        "VisibleAmmoRangesString": "1-3",
        "MalfunctionChance": 0.209,
        "LoadUnloadModifier": 35,
        "CheckTimeModifier": 35
      }
    },
    "handbook": {
      "ParentId": "5b5f754a86f774094242f19b",
      "Price": 45000
    },
    "locales": {
      "en": {
        "Name": "<color=#a1ffba>MFAC</color> SVD 75 round magazine",
        "ShortName": "PSVD 75",
        "Description": "MFAC SVD 75 round magazine"
      }
    }
  },
  "MAG_SAIGA12_CDRUM_MFAC": {
    "clone": "5cf8f3b0d7f00c00217872ef",
    "enable": true,
    "item": {
      "_props": {
        "BackgroundColor": "red",
        "Width": 1,
        "Height": 2
      }
    },
    "handbook": {
      "ParentId": "5b5f754a86f774094242f19b",
      "Price": 50000
    },
    "locales": {
      "en": {
        "Name": "<color=#a1ffba>MFAC</color> PSOK-12 20-round magazine",
        "ShortName": "20-C",
        "Description": "MFAC PSOK-12 20-round magazine. A more compact variant of the SOK-12 12/76 MaxRounds Powermag 20-round magazine."
      }
    }
  },
  "MAG_MP5_9x18pm_DRUM_MFAC": {
    "clone": "57d1519e24597714373db79d",
    "enable": true,
    "item": {
      "_id": "MAG_MP5_9x18pm_DRUM_MFAC",
      "_name": "MP5V50mag",
      "_parent": "5448bc234bdc2d3c308b4569",
      "_type": "Item",
      "_proto": "5448c12b4bdc2d02308b456f",
      "_props": {
        "Name": "MP5V50mag",
        "ShortName": "MP5V50mag",
        "Description": "MP5V50mag",
        "Weight": 0.64,
        "BackgroundColor": "red",
        "Width": 1,
        "Height": 2,
        "StackMaxSize": 1,
        "ItemSound": "magazine_metal",
        "Prefab": {
          "path": "assets/content/items/mods/magazines/mag_mp5_x_products_x_5_9x19_50.bundle",
          "rcid": ""
        },
        "UsePrefab": {
          "path": "",
          "rcid": ""
        },
        "StackObjectsCount": 1,
        "NotShownInSlot": false,
        "ExaminedByDefault": true,
        "ExamineTime": 1,
        "IsUndiscardable": false,
        "IsUnsaleable": false,
        "IsUnbuyable": false,
        "IsUngivable": false,
        "IsLockedafterEquip": false,
        "QuestItem": false,
        "LootExperience": 10,
        "ExamineExperience": 2,
        "HideEntrails": false,
        "RepairCost": 0,
        "RepairSpeed": 0,
        "ExtraSizeLeft": 0,
        "ExtraSizeRight": 0,
        "ExtraSizeUp": 0,
        "ExtraSizeDown": 1,
        "ExtraSizeForceAdd": false,
        "MergesWithChildren": true,
        "CanSellOnRagfair": true,
        "CanRequireOnRagfair": false,
        "ConflictingItems": [],
        "Unlootable": false,
        "UnlootableFromSlot": "FirstPrimaryWeapon",
        "UnlootableFromSide": [],
        "AnimationVariantsNumber": 0,
        "DiscardingBlock": false,
        "RagFairCommissionModifier": 1,
        "IsAlwaysAvailableForInsurance": false,
        "DiscardLimit": -1,
        "DropSoundType": "None",
        "InsuranceDisabled": false,
        "QuestStashMaxCount": 0,
        "IsSpecialSlotOnly": false,
        "IsUnremovable": false,
        "Grids": [],
        "Slots": [],
        "CanPutIntoDuringTheRaid": true,
        "CantRemoveFromSlotsDuringRaid": [],
        "Durability": 100,
        "Accuracy": 0,
        "Recoil": 0,
        "Loudness": 0,
        "EffectiveDistance": 0,
        "Ergonomics": -15,
        "Velocity": 0,
        "RaidModdable": true,
        "ToolModdable": false,
        "BlocksFolding": false,
        "BlocksCollapsible": false,
        "IsAnimated": false,
        "HasShoulderContact": false,
        "SightingRange": 0,
        "DoubleActionAccuracyPenaltyMult": 1,
        "magAnimationIndex": 1,
        "Cartridges": [
          {
            "_name": "cartridges",
            "_id": "000MP5V50C00",
            "_parent": "MAG_MP5_9x18pm_DRUM_MFAC",
            "_max_count": 50,
            "_props": {
              "filters": [
                {
                  "Filter": [
                    "573718ba2459775a75491131",
                    "573719df2459775a626ccbc2",
                    "57371aab2459775a77142f22",
                    "57371b192459775a9f58a5e0",
                    "57371e4124597760ff7b25f1",
                    "57371eb62459776125652ac1",
                    "57371f8d24597761006c6a81",
                    "5737201124597760fc4431f1",
                    "5737207f24597760ff7b25f2",
                    "57371f2b24597761224311f1",
                    "573719762459775a626ccbc1",
                    "573720e02459776143012541",
                    "57372140245977611f70ee91",
                    "5737218f245977612125ba51"
                  ]
                }
              ]
            },
            "_proto": "5748538b2459770af276a261"
          }
        ],
        "CanFast": true,
        "CanHit": false,
        "CanAdmin": false,
        "LoadUnloadModifier": 30,
        "CheckTimeModifier": 15,
        "CheckOverride": 0,
        "ReloadMagType": "ExternalMagazine",
        "VisibleAmmoRangesString": "1-3",
        "MalfunctionChance": 0.15,
        "TagColor": 0,
        "TagName": ""
      }
    },
    "handbook": {
      "ParentId": "5b5f754a86f774094242f19b",
      "Price": 23000
    },
    "locales": {
      "en": {
        "Name": "<color=#a1ffba>MFAC</color> HK MP5 9x18PM 50-round drum magazine",
        "ShortName": "50PM",
        "Description": "MFAC HK MPV5 9x18PM 50-round drum magazine"
      }
    }
  },
  "MAG_AR15_545x39_PMAG30_MFAC": {
    "enable": true,
    "clone": "55802d5f4bdc2dac148b458e",
    "enableCloneCompats": false,
    "enableCloneConflicts": false,
    "item": {
      "_id": "MAG_AR15_545x39_PMAG30_MFAC",
      "_name": "MAG_AR15_545x39_PMAG30_MFAC",
      "_parent": "5448bc234bdc2d3c308b4569",
      "_type": "Item",
      "_props": {
        "Name": "MAG_AR15_545x39_PMAG30_MFAC",
        "ShortName": "MAG_AR15_545x39_PMAG30_MFAC",
        "Description": "MAG_AR15_545x39_PMAG30_MFAC",
        "Weight": 0.138,
        "BackgroundColor": "red",
        "Cartridges": [
          {
            "_name": "cartridges",
            "_id": "MAG_AR15_545x39_PMAG30_MFACcar",
            "_parent": "MAG_AR15_545x39_PMAG30_MFAC",
            "_max_count": 30,
            "_props": {
              "filters": [
                {
                  "Filter": [
                    "5c0d5e4486f77478390952fe",
                    "61962b617c6c7b169525f168",
                    "56dfef82d2720bbd668b4567",
                    "56dff026d2720bb8668b4567",
                    "56dff061d2720bb5668b4567",
                    "56dff0bed2720bb0668b4567",
                    "56dff216d2720bbd668b4568",
                    "56dff2ced2720bb4668b4567",
                    "56dff338d2720bbd668b4569",
                    "56dff3afd2720bba668b4567",
                    "56dff421d2720b5f5a8b4567",
                    "56dff4a2d2720bbd668b456a",
                    "56dff4ecd2720b5f5a8b4568"
                  ]
                }
              ]
            },
            "_proto": "5748538b2459770af276a261"
          }
        ]
      }
    },
    "handbook": {
      "ParentId": "5b5f754a86f774094242f19b",
      "Price": 5000
    },
    "locales": {
      "en": {
        "Name": "<color=#a1ffba>MFAC</color> 5.45x39 Magpul PMAG 30 GEN M3 W STANAG 30-round magazine",
        "ShortName": "545PMAG",
        "Description": "MFAC modified 30-round 5.45x39 Magpul PMAG GEN M3 30 polymer magazine with an observation slot for faster capacity checking."
      }
    }
  },
  "MAG_AR15_545x39_PMAG60_MFAC": {
    "enable": true,
    "clone": "59c1383d86f774290a37e0ca",
    "enableCloneCompats": false,
    "enableCloneConflicts": false,
    "item": {
      "_id": "MAG_AR15_545x39_PMAG60_MFAC",
      "_name": "MAG_AR15_545x39_PMAG60_MFAC",
      "_parent": "5448bc234bdc2d3c308b4569",
      "_type": "Item",
      "_props": {
        "Name": "MAG_AR15_545x39_PMAG60_MFAC",
        "ShortName": "MAG_AR15_545x39_PMAG60_MFAC",
        "Description": "MAG_AR15_545x39_PMAG60_MFAC",
        "Weight": 0.48,
        "BackgroundColor": "red",
        "Cartridges": [
          {
            "_name": "cartridges",
            "_id": "MAG_AR15_545x39_PMAG60_MFACcar",
            "_parent": "MAG_AR15_545x39_PMAG60_MFAC",
            "_max_count": 60,
            "_props": {
              "filters": [
                {
                  "Filter": [
                    "5c0d5e4486f77478390952fe",
                    "61962b617c6c7b169525f168",
                    "56dfef82d2720bbd668b4567",
                    "56dff026d2720bb8668b4567",
                    "56dff061d2720bb5668b4567",
                    "56dff0bed2720bb0668b4567",
                    "56dff216d2720bbd668b4568",
                    "56dff2ced2720bb4668b4567",
                    "56dff338d2720bbd668b4569",
                    "56dff3afd2720bba668b4567",
                    "56dff421d2720b5f5a8b4567",
                    "56dff4a2d2720bbd668b456a",
                    "56dff4ecd2720b5f5a8b4568"
                  ]
                }
              ]
            },
            "_proto": "5748538b2459770af276a261"
          }
        ]
      }
    },
    "handbook": {
      "ParentId": "5b5f754a86f774094242f19b",
      "Price": 27000
    },
    "locales": {
      "en": {
        "Name": "<color=#a1ffba>MFAC</color> 5.45x39 Magpul PMAG D-60 STANAG 60-round magazine",
        "ShortName": "545 D60",
        "Description": "MFAC modified 60-round 5.45x39 Magpul PMAG D-60 polymer 60-round magazine."
      }
    }
  },
  "MAG_FN57_46x30_MFAC": {
    "enable": true,
    "clone": "5d3eb5eca4b9363b1f22f8e4",
    "enableCloneCompats": false,
    "enableCloneConflicts": false,
    "item": {
      "_id": "MAG_FN57_46x30_MFAC",
      "_name": "MAG_FN57_46x30_MFAC",
      "_props": {
        "Name": "MAG_FN57_46x30_MFAC",
        "ShortName": "MAG_FN57_46x30_MFAC",
        "Description": "MAG_FN57_46x30_MFAC",
        "Weight": 0.088,
        "BackgroundColor": "red",
        "Cartridges": [
          {
            "_name": "cartridges",
            "_id": "MAG_FN57_46x30_MFACcar",
            "_parent": "MAG_FN57_46x30_MFAC",
            "_max_count": 22,
            "_props": {
              "filters": [
                {
                  "Filter": [
                    "5ba26812d4351e003201fef1",
                    "5ba26835d4351e0035628ff5",
                    "5ba2678ad4351e44f824b344",
                    "5ba26844d4351e00334c9475",
                    "64b6979341772715af0f9c39"
                  ]
                }
              ]
            },
            "_proto": "5748538b2459770af276a261"
          }
        ]
      }
    },
    "handbook": {
      "ParentId": "5b5f754a86f774094242f19b",
      "Price": 9000
    },
    "locales": {
      "en": {
        "Name": "<color=#a1ffba>MFAC</color> PFN 4-6 4.6x30 20-round magazine",
        "ShortName": "4-6",
        "Description": "MFAC PFN 4-6 4.6x30 20-round magazine"
      }
    }
  },
  "MAG_GLOCK_762x25_DRUM_MFAC": {
    "enable": true,
    "clone": "5a718f958dc32e00094b97e7",
    "enableCloneCompats": false,
    "enableCloneConflicts": false,
    "item": {
      "_id": "MAG_GLOCK_762x25_DRUM_MFAC",
      "_name": "MAG_GLOCK_762x25_DRUM_MFAC",
      "_props": {
        "Name": "MAG_GLOCK_762x25_DRUM_MFAC",
        "ShortName": "MAG_GLOCK_762x25_DRUM_MFAC",
        "Description": "MAG_GLOCK_762x25_DRUM_MFAC",
        "Weight": 0.6,
        "BackgroundColor": "red",
        "Cartridges": [
          {
            "_name": "cartridges",
            "_id": "MAG_GLOCK_762x25_DRUM_MFACcar",
            "_parent": "MAG_GLOCK_762x25_DRUM_MFAC",
            "_max_count": 50,
            "_props": {
              "filters": [
                {
                  "Filter": [
                    "5735ff5c245977640e39ba7e",
                    "573601b42459776410737435",
                    "573602322459776445391df1",
                    "5736026a245977644601dc61",
                    "573603562459776430731618",
                    "573603c924597764442bd9cb",
                    "5735fdcd2459776445391d61",
                    "5efb0da7a29a85116f6ea05f",
                    "5c3df7d588a4501f290594e5",
                    "58864a4f2459770fcc257101",
                    "56d59d3ad2720bdb418b4577",
                    "5c925fa22e221601da359b7b",
                    "5a3c16fe86f77452b62de32a",
                    "5efb0e16aeb21837e749c7ff",
                    "5c0d56a986f774449d5de529"
                  ]
                }
              ]
            },
            "_proto": "5748538b2459770af276a261"
          }
        ]
      }
    },
    "handbook": {
      "ParentId": "5b5f754a86f774094242f19b",
      "Price": 25000
    },
    "locales": {
      "en": {
        "Name": "<color=#a1ffba>MFAC</color> Glock 50 7.62TT 50-round magazine",
        "ShortName": "50-PG7TT",
        "Description": "MFAC Glock 50 7.62TT round magazine"
      }
    }
  },
  "MAG_GLOCK_762x25_STD_MFAC": {
    "enable": true,
    "clone": "5a718b548dc32e000d46d262",
    "enableCloneCompats": false,
    "enableCloneConflicts": false,
    "item": {
      "_id": "MAG_GLOCK_762x25_STD_MFAC",
      "_name": "MAG_GLOCK_762x25_STD_MFAC",
      "_props": {
        "Name": "MAG_GLOCK_762x25_STD_MFAC",
        "ShortName": "MAG_GLOCK_762x25_STD_MFAC",
        "Description": "MAG_GLOCK_762x25_STD_MFAC",
        "Weight": 0.096,
        "BackgroundColor": "red",
        "Cartridges": [
          {
            "_name": "cartridges",
            "_id": "MAG_GLOCK_762x25_STD_MFACcar",
            "_parent": "MAG_GLOCK_762x25_STD_MFAC",
            "_max_count": 17,
            "_props": {
              "filters": [
                {
                  "Filter": [
                    "5735ff5c245977640e39ba7e",
                    "573601b42459776410737435",
                    "573602322459776445391df1",
                    "5736026a245977644601dc61",
                    "573603562459776430731618",
                    "573603c924597764442bd9cb",
                    "5735fdcd2459776445391d61",
                    "5efb0da7a29a85116f6ea05f",
                    "5c3df7d588a4501f290594e5",
                    "58864a4f2459770fcc257101",
                    "56d59d3ad2720bdb418b4577",
                    "5c925fa22e221601da359b7b",
                    "5a3c16fe86f77452b62de32a",
                    "5efb0e16aeb21837e749c7ff",
                    "5c0d56a986f774449d5de529"
                  ]
                }
              ]
            },
            "_proto": "5748538b2459770af276a261"
          }
        ]
      }
    },
    "handbook": {
      "ParentId": "5b5f754a86f774094242f19b",
      "Price": 5000
    },
    "locales": {
      "en": {
        "Name": "<color=#a1ffba>MFAC</color> Glock 7.62TT 17-round magazine",
        "ShortName": "17-PG7TT",
        "Description": "MFAC Glock 7.62TT 17 round magazine"
      }
    }
  },
  "MAG_GLOCK_762x25_BIG_MFAC": {
    "enable": true,
    "clone": "5a7ad2e851dfba0016153692",
    "enableCloneCompats": false,
    "enableCloneConflicts": false,
    "item": {
      "_id": "MAG_GLOCK_762x25_BIG_MFAC",
      "_name": "MAG_GLOCK_762x25_BIG_MFAC",
      "_props": {
        "Name": "MAG_GLOCK_762x25_BIG_MFAC",
        "ShortName": "MAG_GLOCK_762x25_BIG_MFAC",
        "Description": "MAG_GLOCK_762x25_BIG_MFAC",
        "Weight": 0.15,
        "BackgroundColor": "red",
        "Cartridges": [
          {
            "_name": "cartridges",
            "_id": "MAG_GLOCK_762x25_BIG_MFACcar",
            "_parent": "MAG_GLOCK_762x25_BIG_MFAC",
            "_max_count": 33,
            "_props": {
              "filters": [
                {
                  "Filter": [
                    "5735ff5c245977640e39ba7e",
                    "573601b42459776410737435",
                    "573602322459776445391df1",
                    "5736026a245977644601dc61",
                    "573603562459776430731618",
                    "573603c924597764442bd9cb",
                    "5735fdcd2459776445391d61",
                    "5efb0da7a29a85116f6ea05f",
                    "5c3df7d588a4501f290594e5",
                    "58864a4f2459770fcc257101",
                    "56d59d3ad2720bdb418b4577",
                    "5c925fa22e221601da359b7b",
                    "5a3c16fe86f77452b62de32a",
                    "5efb0e16aeb21837e749c7ff",
                    "5c0d56a986f774449d5de529"
                  ]
                }
              ]
            },
            "_proto": "5748538b2459770af276a261"
          }
        ]
      }
    },
    "handbook": {
      "ParentId": "5b5f754a86f774094242f19b",
      "Price": 12000
    },
    "locales": {
      "en": {
        "Name": "<color=#a1ffba>MFAC</color> Glock 7.62TT 33-round magazine",
        "ShortName": "33-PG7TT",
        "Description": "MFAC Glock 7.62TT 33 round magazine"
      }
    }
  },
  "MAG_AKM_9x39_DRUM_MFAC": {
    "clone": "5a9e81fba2750c00164f6b11",
    "enable": true,
    "item": {
      "_id": "MAG_AKM_9x39_DRUM_MFAC",
      "_name": "MAG_AKM_9x39_DRUM_MFAC",
      "_parent": "5448bc234bdc2d3c308b4569",
      "_type": "Item",
      "_props": {
        "Name": "MAG_AKM_9x39_DRUM_MFAC",
        "ShortName": "MAG_AKM_9x39_DRUM_MFAC",
        "Description": "MAG_AKM_9x39_DRUM_MFAC",
        "Weight": 0.7,
        "BackgroundColor": "red",
        "Width": 1,
        "Height": 2,
        "StackMaxSize": 1,
        "ItemSound": "mag_plastic",
        "Prefab": {
          "path": "assets/content/items/mods/magazines/mag_ak_x_products_x_47_drum_762x39_50.bundle",
          "rcid": ""
        },
        "UsePrefab": {
          "path": "",
          "rcid": ""
        },
        "StackObjectsCount": 1,
        "NotShownInSlot": false,
        "ExaminedByDefault": true,
        "ExamineTime": 1,
        "IsUndiscardable": false,
        "IsUnsaleable": false,
        "IsUnbuyable": false,
        "IsUngivable": false,
        "IsLockedafterEquip": false,
        "QuestItem": false,
        "LootExperience": 10,
        "ExamineExperience": 2,
        "HideEntrails": false,
        "RepairCost": 0,
        "RepairSpeed": 0,
        "ExtraSizeLeft": 0,
        "ExtraSizeRight": 0,
        "ExtraSizeUp": 0,
        "ExtraSizeDown": 1,
        "ExtraSizeForceAdd": false,
        "MergesWithChildren": true,
        "CanSellOnRagfair": false,
        "CanRequireOnRagfair": false,
        "ConflictingItems": [],
        "Unlootable": false,
        "UnlootableFromSlot": "FirstPrimaryWeapon",
        "UnlootableFromSide": [],
        "AnimationVariantsNumber": 0,
        "DiscardingBlock": false,
        "RagFairCommissionModifier": 1,
        "IsAlwaysAvailableForInsurance": false,
        "DiscardLimit": -1,
        "DropSoundType": "None",
        "InsuranceDisabled": false,
        "QuestStashMaxCount": 0,
        "IsSpecialSlotOnly": false,
        "IsUnremovable": false,
        "Grids": [],
        "Slots": [],
        "CanPutIntoDuringTheRaid": true,
        "CantRemoveFromSlotsDuringRaid": [],
        "Durability": 100,
        "Accuracy": 0,
        "Recoil": 0,
        "Loudness": 0,
        "EffectiveDistance": 0,
        "Ergonomics": -15,
        "Velocity": 0,
        "RaidModdable": true,
        "ToolModdable": false,
        "BlocksFolding": false,
        "BlocksCollapsible": false,
        "IsAnimated": false,
        "HasShoulderContact": false,
        "SightingRange": 0,
        "DoubleActionAccuracyPenaltyMult": 1,
        "magAnimationIndex": 6,
        "Cartridges": [
          {
            "_name": "cartridges",
            "_id": "MAG_AKM_9x39_DRUM_MFACc",
            "_parent": "MAG_AKM_9x39_DRUM_MFAC",
            "_max_count": 50,
            "_props": {
              "filters": [
                {
                  "Filter": [
                    "5c0d688c86f77413ae3407b2",
                    "61962d879bb3d20b0946d385",
                    "57a0dfb82459774d3078b56c",
                    "57a0e5022459774d1673f889",
                    "5c0d668f86f7747ccb7f13b2",
                    "6576f96220d53a5b8f3e395e"
                  ]
                }
              ]
            },
            "_proto": "5748538b2459770af276a261"
          }
        ],
        "CanFast": true,
        "CanHit": false,
        "CanAdmin": false,
        "LoadUnloadModifier": 15,
        "CheckTimeModifier": 20,
        "CheckOverride": 0,
        "ReloadMagType": "ExternalMagazine",
        "VisibleAmmoRangesString": "1-3",
        "MalfunctionChance": 0.28,
        "TagColor": 0,
        "TagName": ""
      },
      "_proto": "5448c1d04bdc2dff2f8b4569"
    },
    "handbook": {
      "ParentId": "5b5f754a86f774094242f19b",
      "Price": 30000
    },
    "locales": {
      "en": {
        "Name": "<color=#a1ffba>MFAC</color> PX 9x39 50-round drum magazine",
        "ShortName": "50-9x39",
        "Description": "MFAC PX 9x39 50-round drum magazine"
      }
    },
    "compatibilities": {
      "mod_magazine": [
        "57c44b372459772d2b39b8ce",
        "57838ad32459774a17445cd2"
      ]
    }
  },
  "WEAPON_PAN94_545_MFAC": {
    "clone": "5ac4cd105acfc40016339859",
    "enableCloneCompats": true,
    "enableCloneConflicts": false,
    "enable": true,
    "item": {
      "_props": {
        "CenterOfImpact": 0.045,
        "Ergonomics": 38,
        "DurabilityBurnRatio": 1.25,
        "BaseMalfunctionChance": 0.1971,
        "SingleFireRate": 450,
        "bEffDist": 700,
        "bFirerate": 1800,
        "weapFireType": [
          "single",
          "burst"
        ],
        "BurstShotsCount": 2
      }
    },
    "handbook": {
      "ParentId": "5b5f78fc86f77409407a7f90",
      "Price": 134500
    },
    "locales": {
      "en": {
        "Name": "<color=#a1ffba>MFAC</color> PAN-94 5.45x39 assault rifle",
        "ShortName": "PAN-94 5.45x39 assault rifle",
        "Description": "PAN-94 5.45x39 assault rifle"
      }
    }
  },
  "WEAPON_PAN95_556_MFAC": {
    "clone": "5ac66cb05acfc40198510a10",
    "enableCloneCompats": true,
    "enableCloneConflicts": false,
    "enable": true,
    "item": {
      "_props": {
        "CenterOfImpact": 0.045,
        "Ergonomics": 40,
        "SingleFireRate": 450,
        "bEffDist": 700,
        "bFirerate": 1800,
        "weapFireType": [
          "single",
          "burst"
        ],
        "BurstShotsCount": 2
      }
    },
    "handbook": {
      "ParentId": "5b5f78fc86f77409407a7f90",
      "Price": 134500
    },
    "locales": {
      "en": {
        "Name": "<color=#a1ffba>MFAC</color> PAN-95 5.56x45 assault rifle",
        "ShortName": "PAN-95 5.56x45 assault rifle",
        "Description": "PAN-95 5.56x45 assault rifle"
      }
    }
  },
  "WEAPON_PAEK971_545_MFAC": {
    "clone": "5ac4cd105acfc40016339859",
    "enableCloneCompats": true,
    "enableCloneConflicts": false,
    "enable": true,
    "item": {
      "_props": {
        "CenterOfImpact": 0.048,
        "Ergonomics": 38,
        "SingleFireRate": 450,
        "bEffDist": 500,
        "bFirerate": 900,
        "weapFireType": [
          "single",
          "fullauto",
          "burst"
        ],
        "BurstShotsCount": 3
      }
    },
    "handbook": {
      "ParentId": "5b5f78fc86f77409407a7f90",
      "Price": 94500
    },
    "locales": {
      "en": {
        "Name": "<color=#a1ffba>MFAC</color> PAEK-971 5.45x39 assault rifle",
        "ShortName": "PAEK-971 5.45x39 assault rifle",
        "Description": "Modernized prototype based on the AEK-971 rifle. Internals function by slavic magic."
      }
    }
  },
  "WEAPON_PSTM9AUTO_9x19_MFAC": {
    "clone": "60339954d62c9b14ed777c06",
    "enableCloneCompats": true,
    "enableCloneConflicts": false,
    "enable": true,
    "item": {
      "_props": {
        "Ergonomics": 50,
        "DurabilityBurnRatio": 1.17,
        "BaseMalfunctionChance": 0.1871,
        "SingleFireRate": 600,
        "bEffDist": 500,
        "bFirerate": 800,
        "weapFireType": [
          "single",
          "fullauto"
        ],
        "BurstShotsCount": 3
      }
    },
    "handbook": {
      "ParentId": "5b5f796a86f774093f2ed3c0",
      "Price": 15000
    },
    "locales": {
      "en": {
        "Name": "<color=#a1ffba>MFAC</color> PSTM-9 9x19 carbine",
        "ShortName": "PSTM-9",
        "Description": "A PCC carbine with excellent performance already \"out of the box\", manufactured by Soyuz-TM Arms, upgraded by MFAC. Designed with the participation of world bronze medalist in Semi-Auto Rifle Vadim Mikhailov. Accuracy, speed, comfort of recoil. Compatible with Glock 9x19 magazines. Converted to be Fully-semi-automatic"
      }
    }
  },
  "WEAPON_PSTM7AUTO_7x25_MFAC": {
    "enableCloneCompats": true,
    "enableCloneConflicts": false,
    "clone": "60339954d62c9b14ed777c06",
    "enable": true,
    "item": {
      "_props": {
        "ammoCaliber": "Caliber762x25TT",
        "defMagType": "MAG_GLOCK_762x25_DRUM_MFAC",
        "defAmmo": "5735ff5c245977640e39ba7e",
        "ConflictingItems": [
          "5a7ad2e851dfba0016153692",
          "5a718b548dc32e000d46d262",
          "5a718da68dc32e000d46d264",
          "5a718f958dc32e00094b97e7",
          "630769c4962d0247b029dc60",
          "630767c37d50ff5e8a1ea71a",
          "63076701a987397c0816d21b"
        ],
        "CenterOfImpact": 0.01,
        "Ergonomics": 50,
        "DurabilityBurnRatio": 1.17,
        "BaseMalfunctionChance": 0.1871,
        "SingleFireRate": 600,
        "bEffDist": 500,
        "bFirerate": 800,
        "weapFireType": [
          "single",
          "fullauto"
        ],
        "Chambers": [
          {
            "_id": "5b3b713c5acfc4330140bd92",
            "_mergeSlotWithChildren": false,
            "_name": "patron_in_weapon",
            "_parent": "5b3b713c5acfc4330140bd8d",
            "_props": {
              "filters": [
                {
                  "Filter": [
                    "5735ff5c245977640e39ba7e",
                    "573601b42459776410737435",
                    "573602322459776445391df1",
                    "5736026a245977644601dc61",
                    "573603562459776430731618",
                    "573603c924597764442bd9cb",
                    "5735fdcd2459776445391d61"
                  ]
                }
              ]
            },
            "_proto": "55d4af244bdc2d962f8b4571",
            "_required": false
          }
        ],
        "BurstShotsCount": 3
      }
    },
    "handbook": {
      "ParentId": "5b5f796a86f774093f2ed3c0",
      "Price": 15000
    },
    "locales": {
      "en": {
        "Name": "<color=#a1ffba>MFAC</color> PSTM-7TT 7.62x25 TT carbine",
        "ShortName": "PSTM-7TT",
        "Description": "PSTM-9 converted to fire 7.62x25 TT"
      }
    },
    "addToThisItemsFilters": {
      "mod_magazine": [
        "MAG_GLOCK_762x25_DRUM_MFAC",
        "MAG_GLOCK_762x25_STD_MFAC",
        "MAG_GLOCK_762x25_BIG_MFAC"
      ]
    }
  },
  "WEAPON_PM1911AUTO_1143x23_MFAC": {
    "enableCloneCompats": true,
    "enableCloneConflicts": false,
    "clone": "5e81c3cbac2bb513793cdc75",
    "enable": true,
    "item": {
      "_props": {
        "CenterOfImpact": 0.01,
        "Ergonomics": 75,
        "DurabilityBurnRatio": 1.17,
        "BaseMalfunctionChance": 0.2666,
        "SingleFireRate": 450,
        "bEffDist": 50,
        "bFirerate": 850,
        "weapFireType": [
          "single",
          "fullauto",
          "burst"
        ],
        "BurstShotsCount": 3,
        "Weight": 0.251
      }
    },
    "handbook": {
      "ParentId": "5b5f792486f77447ed5636b3",
      "Price": 34500
    },
    "locales": {
      "en": {
        "Name": "<color=#a1ffba>MFAC</color> PM1911A1 .45 ACP pistol",
        "ShortName": "PM1911",
        "Description": "MFAC PM1911A1 .45 ACP pistol modified with a burst and full auto fire selector. Ready for WWIII"
      }
    }
  },
  "WEAPON_PG17_9x19_MFAC": {
    "enableCloneCompats": true,
    "enableCloneConflicts": false,
    "clone": "5a7ae0c351dfba0017554310",
    "enable": true,
    "item": {
      "_props": {
        "CenterOfImpact": 0.01,
        "Ergonomics": 90,
        "DurabilityBurnRatio": 1.17,
        "BaseMalfunctionChance": 0.2366,
        "SingleFireRate": 600,
        "bEffDist": 50,
        "bFirerate": 750,
        "weapFireType": [
          "single",
          "fullauto",
          "burst"
        ],
        "BurstShotsCount": 3,
        "Weight": 0.251
      }
    },
    "handbook": {
      "ParentId": "5b5f792486f77447ed5636b3",
      "Price": 24500
    },
    "locales": {
      "en": {
        "Name": "<color=#a1ffba>MFAC</color> PGlock 17 9x19 pistol",
        "ShortName": "PG17",
        "Description": "MFAC PGlock 17 9x19 pistol modified with a burst and full auto fire selector. Ready for WWIII"
      }
    },
    "addToThisItemsFilters": {
      "mod_reciever": [
        "5b1faa0f5acfc40dc528aeb5"
      ]
    }
  },
  "WEAPON_PPB_9x18m_MFAC": {
    "enableCloneCompats": true,
    "enableCloneConflicts": false,
    "clone": "56e0598dd2720bb5668b45a6",
    "enable": true,
    "item": {
      "_props": {
        "CenterOfImpact": 0.3,
        "Ergonomics": 80,
        "DurabilityBurnRatio": 1.17,
        "HeatFactorGun": 1.087488,
        "CoolFactorGun": 4.032,
        "CoolFactorGunMods": 1.426972,
        "HeatFactorByShot": 1.272,
        "BaseMalfunctionChance": 0.2366,
        "SingleFireRate": 600,
        "bEffDist": 50,
        "bFirerate": 1100,
        "weapFireType": [
          "single",
          "fullauto"
        ],
        "BurstShotsCount": 3,
        "Weight": 0.684
      }
    },
    "handbook": {
      "ParentId": "5b5f792486f77447ed5636b3",
      "Price": 44000
    },
    "locales": {
      "en": {
        "Name": "<color=#a1ffba>MFAC</color> PPB 9x18PM silenced pistol",
        "ShortName": "PPB",
        "Description": "MFAC PPB 9x18PM silenced pistol"
      }
    }
  },
  "WEAPON_PMT_9x18m_MFAC": {
    "enableCloneCompats": true,
    "enableCloneConflicts": false,
    "clone": "579204f224597773d619e051",
    "enable": true,
    "item": {
      "_props": {
        "Durability": 100,
        "MaxDurability": 100,
        "CenterOfImpact": 0.3,
        "Ergonomics": 80,
        "DurabilityBurnRatio": 1.17,
        "HeatFactorGun": 1.087488,
        "CoolFactorGun": 4.032,
        "CoolFactorGunMods": 1.426972,
        "HeatFactorByShot": 1.272,
        "BaseMalfunctionChance": 0.2366,
        "SingleFireRate": 600,
        "bEffDist": 50,
        "bFirerate": 1100,
        "weapFireType": [
          "single",
          "fullauto"
        ],
        "BurstShotsCount": 3,
        "Weight": 0.684
      }
    },
    "handbook": {
      "ParentId": "5b5f792486f77447ed5636b3",
      "Price": 40000
    },
    "locales": {
      "en": {
        "Name": "<color=#a1ffba>MFAC</color> PPM (t) 9x18PM pistol",
        "ShortName": "PPM (t)",
        "Description": "MFAC PPM (t) 9x18PM pistol"
      }
    }
  },
  "WEAPON_POPSKS_762x39_MFAC": {
    "enableCloneCompats": true,
    "enableCloneConflicts": false,
    "clone": "587e02ff24597743df3deaeb",
    "enable": true,
    "item": {
      "_props": {
        "Ergonomics": 45,
        "DurabilityBurnRatio": 1.10,
        "BaseMalfunctionChance": 0.2024,
        "SingleFireRate": 600,
        "bEffDist": 500,
        "bFirerate": 750,
        "weapFireType": [
          "single",
          "fullauto"
        ],
        "BurstShotsCount": 3,
        "Weight": 2.766
      }
    },
    "handbook": {
      "ParentId": "5b5f78e986f77447ed5636b1",
      "Price": 55500
    },
    "locales": {
      "en": {
        "Name": "<color=#a1ffba>MFAC</color> POP-SKS 7.62x39 carbine",
        "ShortName": "POP-SKS",
        "Description": "MFAC OP-SKS Carbine modified with a burst and full auto fire selector. Ready for WWIII"
      }
    }
  },
  "WEAPON_PM14_762x51_MFAC": {
    "enableCloneCompats": true,
    "enableCloneConflicts": false,
    "clone": "5aafa857e5b5b00018480968",
    "enable": true,
    "item": {
      "_props": {
        "Ergonomics": 30,
        "DurabilityBurnRatio": 1.18,
        "BaseMalfunctionChance": 0.22505,
        "SingleFireRate": 600,
        "bEffDist": 700,
        "bFirerate": 650,
        "weapFireType": [
          "single",
          "fullauto"
        ],
        "BurstShotsCount": 3,
        "Weight": 1.429
      }
    },
    "handbook": {
      "ParentId": "5b5f791486f774093f2ed3be",
      "Price": 55500
    },
    "locales": {
      "en": {
        "Name": "<color=#a1ffba>MFAC</color> M14 7.62x51 rifle",
        "ShortName": "PM14",
        "Description": "MFAC M14 7.62x51 rifle"
      }
    },
    "addToThisItemsFilters": {
      "mod_barrel": [
        "BARREL_M1A_HEAVY_MFAC",
        "BARREL_M1A_SHORTHEAVY_MFAC"
      ]
    }
  },
  "WEAPON_PSVDS_762x54r_MFAC": {
    "enableCloneCompats": true,
    "enableCloneConflicts": false,
    "clone": "5c46fbd72e2216398b5a8c9c",
    "enable": true,
    "item": {
      "_props": {
        "Ergonomics": 28,
        "DurabilityBurnRatio": 1.18,
        "BaseMalfunctionChance": 0.21805,
        "SingleFireRate": 550,
        "bEffDist": 900,
        "bFirerate": 550,
        "weapFireType": [
          "single",
          "fullauto"
        ],
        "BurstShotsCount": 3,
        "Weight": 1.70
      }
    },
    "handbook": {
      "ParentId": "5b5f791486f774093f2ed3be",
      "Price": 55500
    },
    "locales": {
      "en": {
        "Name": "<color=#a1ffba>MFAC</color> SVDS 7.62x54R sniper rifle",
        "ShortName": "PSVDS",
        "Description": "MFAC SVDS 7.62x54R sniper rifle"
      }
    },
    "addToThisItemsFilters": {
      "mod_barrel": [
        "BARREL_SVD_22HEAVY_MFAC"
      ],
      "mod_magazine": [
        "MAG_SVD_762x54_DRUM_MFAC"
      ]
    }
  },
  "WEAPON_PMP5V_9x18pm_MFAC": {
    "clone": "5926bb2186f7744b1c6c6e60",
    "enableCloneCompats": true,
    "enableCloneConflicts": false,
    "enable": true,
    "item": {
      "_id": "WEAPON_PMP5V_9x18pm_MFAC",
      "_name": "WEAPON_PMP5V_9x18pm_MFAC",
      "_parent": "5447b5e04bdc2d62278b4567",
      "_props": {
        "Name": "WEAPON_PMP5V_9x18pm_MFAC",
        "ShortName": "WEAPON_PMP5V_9x18pm_MFAC",
        "Description": "WEAPON_PMP5V_9x18pm_MFAC",
        "Slots": [
          {
            "_id": "WEAPON_PMP5V_9x18pm_MFACmag",
            "_mergeSlotWithChildren": false,
            "_name": "mod_magazine",
            "_parent": "WEAPON_PMP5V_9x18pm_MFAC",
            "_props": {
              "filters": [
                {
                  "AnimationIndex": -1,
                  "Filter": [
                    "57d14e1724597714010c3f4b",
                    "57d1519e24597714373db79d",
                    "MAG_MP5_9x18pm_DRUM_MFAC"
                  ]
                }
              ]
            },
            "_proto": "55d30c394bdc2dae468b4577",
            "_required": false
          },
          {
            "_id": "WEAPON_PMP5V_9x18pm_MFACrec",
            "_mergeSlotWithChildren": false,
            "_name": "mod_reciever",
            "_parent": "WEAPON_PMP5V_9x18pm_MFAC",
            "_props": {
              "filters": [
                {
                  "Filter": [
                    "5926f2e086f7745aae644231",
                    "5926c0df86f77462f647f764",
                    "RECIEVER_MP5_SD_MFAC"
                  ],
                  "Shift": 0
                }
              ]
            },
            "_proto": "55d30c4c4bdc2db4468b457e",
            "_required": true
          },
          {
            "_id": "WEAPON_PMP5V_9x18pm_MFACcharge",
            "_mergeSlotWithChildren": false,
            "_name": "mod_charge",
            "_parent": "WEAPON_PMP5V_9x18pm_MFAC",
            "_props": {
              "filters": [
                {
                  "Filter": [
                    "5926c32286f774616e42de99"
                  ],
                  "Shift": 0
                }
              ]
            },
            "_proto": "55d30c4c4bdc2db4468b457e",
            "_required": true
          }
        ],
        "ammoCaliber": "Caliber9x18PM",
        "defMagType": "57d1519e24597714373db79d",
        "defAmmo": "573719762459775a626ccbc1",
        "CenterOfImpact": 0.21,
        "DurabilityBurnRatio": 1.17,
        "BaseMalfunctionChance": 0.1771,
        "SingleFireRate": 600,
        "bEffDist": 200,
        "bFirerate": 780,
        "Chambers": [
          {
            "_id": "5ae083b25acfc4001a5fc705",
            "_mergeSlotWithChildren": false,
            "_name": "patron_in_weapon",
            "_parent": "5ae083b25acfc4001a5fc702",
            "_props": {
              "filters": [
                {
                  "Filter": [
                    "573718ba2459775a75491131",
                    "573719df2459775a626ccbc2",
                    "57371aab2459775a77142f22",
                    "57371b192459775a9f58a5e0",
                    "57371e4124597760ff7b25f1",
                    "57371eb62459776125652ac1",
                    "57371f8d24597761006c6a81",
                    "5737201124597760fc4431f1",
                    "5737207f24597760ff7b25f2",
                    "57371f2b24597761224311f1",
                    "573719762459775a626ccbc1",
                    "573720e02459776143012541",
                    "57372140245977611f70ee91",
                    "5737218f245977612125ba51"
                  ]
                }
              ]
            },
            "_proto": "55d4af244bdc2d962f8b4571",
            "_required": false
          }
        ],
        "BurstShotsCount": 3
      }
    },
    "handbook": {
      "ParentId": "5b5f796a86f774093f2ed3c0",
      "Price": 15000
    },
    "locales": {
      "en": {
        "Name": "<color=#a1ffba>MFAC</color> PMP5V 9x18PM submachine gun",
        "ShortName": "PMP5V",
        "Description": "MFAC PMP5V 9x18PM submachine gun. A modification of the HK MP5 preferred by the PMCs operating in the CNPP exclusion zone."
      }
    },
    "addToThisItemsFilters": {
      "mod_reciever": [
        "RECIEVER_MP5_SD_MFAC"
      ],
      "mod_magazine": [
        "57d14e1724597714010c3f4b",
        "57d1519e24597714373db79d",
        "MAG_MP5_9x18pm_DRUM_MFAC"
      ]
    }
  },
  "WEAPON_PM4C545_545x39_MFAC": {
    "enableCloneCompats": true,
    "enableCloneConflicts": false,
    "clone": "5447a9cd4bdc2dbd208b4567",
    "enable": true,
    "item": {
      "_props": {
        "ConflictingItems": [
          "55d4887d4bdc2d962f8b4570",
          "61840bedd92c473c77021635",
          "61840d85568c120fdd2962a5",
          "5c05413a0db834001c390617",
          "5c6d450c2e221600114c997d",
          "5c6d42cb2e2216000e69d7d1",
          "59c1383d86f774290a37e0ca",
          "5aaa5e60e5b5b000140293d6",
          "5448c1d04bdc2dff2f8b4569",
          "5aaa5dfee5b5b000140293d3",
          "5d1340b3d7ad1a0b52682ed7",
          "544a378f4bdc2d30388b4567",
          "5d1340bdd7ad1a0e8d245aab",
          "55802d5f4bdc2dac148b458e",
          "5d1340cad7ad1a0b0b249869",
          "6241c2c2117ad530666a5108",
          "5c6592372e221600133e47d7",
          "544a37c44bdc2d25388b4567",
          "5c6d46132e221601da357d56"
        ],
        "ammoCaliber": "Caliber545x39",
        "defMagType": "MAG_AR15_545x39_PMAG30_MFAC",
        "defAmmo": "56dff3afd2720bba668b4567",
        "DurabilityBurnRatio": 1.16,
        "BaseMalfunctionChance": 0.185,
        "SingleFireRate": 600,
        "bEffDist": 200,
        "bFirerate": 800,
        "weapFireType": [
          "single",
          "fullauto"
        ],
        "Chambers": [
          {
            "_id": "5beed0f50db834001c062b14",
            "_mergeSlotWithChildren": false,
            "_name": "patron_in_weapon",
            "_parent": "5beed0f50db834001c062b12",
            "_props": {
              "filters": [
                {
                  "Filter": [
                    "5c0d5e4486f77478390952fe",
                    "61962b617c6c7b169525f168",
                    "56dfef82d2720bbd668b4567",
                    "56dff026d2720bb8668b4567",
                    "56dff061d2720bb5668b4567",
                    "56dff0bed2720bb0668b4567",
                    "56dff216d2720bbd668b4568",
                    "56dff2ced2720bb4668b4567",
                    "56dff338d2720bbd668b4569",
                    "56dff3afd2720bba668b4567",
                    "56dff421d2720b5f5a8b4567",
                    "56dff4a2d2720bbd668b456a",
                    "56dff4ecd2720b5f5a8b4568"
                  ]
                }
              ]
            },
            "_proto": "55d4af244bdc2d962f8b4571",
            "_required": false
          }
        ],
        "BurstShotsCount": 3
      }
    },
    "handbook": {
      "ParentId": "5b5f78fc86f77409407a7f90",
      "Price": 25000
    },
    "locales": {
      "en": {
        "Name": "<color=#a1ffba>MFAC</color> PM4C545 5.45x39 assault rifle",
        "ShortName": "PM4C545",
        "Description": "MFAC MFAC PM4C545 5.45x39 assault rifle"
      }
    },
    "addToThisItemsFilters": {
      "mod_magazine": [
        "MAG_AR15_545x39_PMAG30_MFAC",
        "MAG_AR15_545x39_PMAG60_MFAC"
      ],
      "conflicts": [
        "55d4887d4bdc2d962f8b4570",
        "61840bedd92c473c77021635",
        "61840d85568c120fdd2962a5",
        "5c05413a0db834001c390617",
        "5c6d450c2e221600114c997d",
        "5c6d42cb2e2216000e69d7d1",
        "59c1383d86f774290a37e0ca",
        "5aaa5e60e5b5b000140293d6",
        "5448c1d04bdc2dff2f8b4569",
        "5aaa5dfee5b5b000140293d3",
        "5d1340b3d7ad1a0b52682ed7",
        "544a378f4bdc2d30388b4567",
        "5d1340bdd7ad1a0e8d245aab",
        "55802d5f4bdc2dac148b458e",
        "5d1340cad7ad1a0b0b249869",
        "6241c2c2117ad530666a5108",
        "5c6592372e221600133e47d7",
        "544a37c44bdc2d25388b4567",
        "5c6d46132e221601da357d56"
      ]
    }
  },
  "WEAPON_PFN46_46x30_MFAC": {
    "enableCloneCompats": true,
    "enableCloneConflicts": false,
    "clone": "5d3eb3b0a4b93615055e84d2",
    "enable": true,
    "item": {
      "_props": {
        "ConflictingItems": [
          "5d3eb5eca4b9363b1f22f8e4"
        ],
        "ammoCaliber": "Caliber46x30",
        "defMagType": "MAG_FN57_46x30_MFAC",
        "defAmmo": "5ba2678ad4351e44f824b344",
        "shotgunDispersion": 0.001,
        "DurabilityBurnRatio": 1.16,
        "BaseMalfunctionChance": 0.2297,
        "SingleFireRate": 600,
        "bEffDist": 50,
        "bFirerate": 800,
        "weapFireType": [
          "single"
        ],
        "Chambers": [
          {
            "_name": "patron_in_weapon",
            "_id": "FN46Chamber",
            "_parent": "WEAPON_PFN46_46x30_MFAC",
            "_props": {
              "filters": [
                {
                  "Filter": [
                    "5ba26812d4351e003201fef1",
                    "5ba26835d4351e0035628ff5",
                    "5ba2678ad4351e44f824b344",
                    "5ba26844d4351e00334c9475",
                    "64b6979341772715af0f9c39"
                  ]
                }
              ]
            },
            "_required": false,
            "_mergeSlotWithChildren": false,
            "_proto": "55d4af244bdc2d962f8b4571"
          }
        ],
        "BurstShotsCount": 3
      }
    },
    "handbook": {
      "ParentId": "5b5f792486f77447ed5636b3",
      "Price": 25000
    },
    "locales": {
      "en": {
        "Name": "<color=#a1ffba>MFAC</color> PFN 4-6 4.6x30 pistol",
        "ShortName": "PFN 4-6",
        "Description": "MFAC PFN 4-6 4.6x30 pistol converted from a FN Five-Seven"
      }
    },
    "addToThisItemsFilters": {
      "mod_magazine": [
        "MAG_FN57_46x30_MFAC"
      ]
    },
    "conflicts": [
      "5d3eb5eca4b9363b1f22f8e4"
    ]
  },
  "WEAPON_PRD762R_762x54R_MFAC": {
    "enableCloneCompats": true,
    "enableCloneConflicts": false,
    "clone": "628a60ae6b1d481ff772e9c8",
    "enable": true,
    "item": {
      "_props": {
        "ConflictingItems": [
          "59e5d83b86f7745aed03d262",
          "6272874a6c47bd74f92e2087",
          "5a01c29586f77474660c694c",
          "5ac66bea5acfc43b321d4aec",
          "59d625f086f774661516605d",
          "5b1fd4e35acfc40018633c39",
          "5a0060fc86f7745793204432",
          "59e5f5a486f7746c530b3ce2",
          "5b1fb3e15acfc4001637f068",
          "59d6272486f77466146386ff",
          "5e21a3c67e40bd02257a008a",
          "5cbdc23eae9215001136a407",
          "5c6175362e221600133e3b94",
          "59fafc5086f7740dbe19f6c3",
          "59fafc9386f774067d462453",
          "5cfe8010d7ad1a59283b14c6"
        ],
        "bHearDist": 120,
        "ammoCaliber": "Caliber762x54R",
        "defMagType": "5c471c442e221602b542a6f8",
        "defAmmo": "59e77a2386f7742ee578960a",
        "DurabilityBurnRatio": 2.06,
        "BaseMalfunctionChance": 0.2697,
        "SingleFireRate": 600,
        "bEffDist": 400,
        "bFirerate": 600,
        "Chambers": [
          {
            "_name": "patron_in_weapon",
            "_id": "RD762RChamber",
            "_parent": "WEAPON_PRD762R_762x54R_MFAC",
            "_props": {
              "filters": [
                {
                  "Filter": [
                    "5e023d34e8a400319a28ed44",
                    "5e023d48186a883be655e551",
                    "5e023cf8186a883be655e54f",
                    "59e77a2386f7742ee578960a",
                    "5887431f2459777e1612938f",
                    "560d61e84bdc2da74d8b4571",
                    "64b8f7c241772715af0f9c3d",
                    "64b8f7968532cf95ee0a0dbf",
                    "64b8f7b5389d7ffd620ccba2"
                  ]
                }
              ]
            },
            "_required": false,
            "_mergeSlotWithChildren": false,
            "_proto": "55d4af244bdc2d962f8b4571"
          }
        ],
        "BurstShotsCount": 3
      }
    },
    "handbook": {
      "ParentId": "5b5f78fc86f77409407a7f90",
      "Price": 120000
    },
    "locales": {
      "en": {
        "Name": "<color=#a1ffba>MFAC</color> PRD-762R 762x54R rifle",
        "ShortName": "PRD-762R",
        "Description": "MFAC PRD-762R 762x54R rifle. Prototype rifle from Rifle Dynamics built off the PSL-64, manufactured by MFAC. Disclaimer: RD will never put their name on this thing."
      }
    },
    "addToThisItemsFilters": {
      "mod_magazine": [
        "MAG_SVD_762x54_DRUM_MFAC",
        "5c471c442e221602b542a6f8",
        "5c88f24b2e22160bc12c69a6"
      ],
      "conflicts": [
        "59e5d83b86f7745aed03d262",
        "6272874a6c47bd74f92e2087",
        "5a01c29586f77474660c694c",
        "5ac66bea5acfc43b321d4aec",
        "59d625f086f774661516605d",
        "5b1fd4e35acfc40018633c39",
        "5a0060fc86f7745793204432",
        "59e5f5a486f7746c530b3ce2",
        "5b1fb3e15acfc4001637f068",
        "59d6272486f77466146386ff",
        "5e21a3c67e40bd02257a008a",
        "5cbdc23eae9215001136a407",
        "5c6175362e221600133e3b94",
        "59fafc5086f7740dbe19f6c3",
        "59fafc9386f774067d462453",
        "5cfe8010d7ad1a59283b14c6"
      ]
    }
  },
  "WEAPON_PSAIGA12AUTO_MFAC": {
    "clone": "576165642459773c7a400233",
    "enableCloneCompats": true,
    "enableCloneConflicts": false,
    "enable": true,
    "item": {
      "_props": {
        "Weight": 3.12,
        "OperatingResource": 3000,
        "shotgunDispersion": 1.3,
        "CenterOfImpact": 0.55,
        "Ergonomics": 39,
        "bEffDist": 100,
        "bFirerate": 450,
        "weapFireType": [
          "single",
          "fullauto"
        ],
        "DurabilityBurnRatio": 1.20,
        "HeatFactorGun": 0.85,
        "CoolFactorGun": 3.36
      }
    },
    "handbook": {
      "ParentId": "5b5f794b86f77409407a7f92",
      "Price": 55000
    },
    "locales": {
      "en": {
        "Name": "<color=#a1ffba>MFAC</color> PSaiga 12ga automatic shotgun",
        "ShortName": "PSaiga-12ga",
        "Description": "A Saiga 12ga gauge shotgun capable of fully semi automatic fire. Features a short 430mm barrel."
      }
    },
    "addToThisItemsFilters": {
      "mod_magazine": [
        "MAG_SAIGA12_CDRUM_MFAC"
      ]
    }
  },
  "WEAPON_P209_366TKM_MFAC": {
    "enableCloneCompats": true,
    "enableCloneConflicts": false,
    "clone": "59e6687d86f77411d949b251",
    "enable": true,
    "item": {
      "_props": {
        "Weight": 2.2,
        "OperatingResource": 4000,
        "shotgunDispersion": 0.12,
        "CenterOfImpact": 0.090,
        "Ergonomics": 34,
        "SingleFireRate": 450,
        "bEffDist": 300,
        "bFirerate": 800,
        "weapFireType": [
          "single",
          "fullauto"
        ],
        "DurabilityBurnRatio": 1.20,
        "HeatFactorGun": 0.9,
        "CoolFactorGun": 3.3
      }
    },
    "handbook": {
      "ParentId": "5b5f78e986f77447ed5636b1",
      "Price": 55000
    },
    "locales": {
      "en": {
        "Name": "<color=#a1ffba>MFAC</color> PVPO-209 .366 TKM carbine",
        "ShortName": "PVPO-209",
        "Description": "A VPO-209 .366 TKM carbine capable of fully semi automatic fire. Manufactured by MFAC."
      }
    },
    "addToThisItemsFilters": {
      "mod_muzzle": [
        "59d64fc686f774171b243fe2",
        "5a0d716f1526d8000d26b1e2",
        "5f633f68f5750b524b45f112",
        "5c878ebb2e2216001219d48a",
        "59e61eb386f77440d64f5daf",
        "59e8a00d86f7742ad93b569c",
        "5a9ea27ca2750c00137fa672",
        "5cc9ad73d7f00c000e2579d4",
        "5c7951452e221644f31bfd5c",
        "615d8e9867085e45ef1409c6",
        "5a0abb6e1526d8000a025282",
        "59bffc1f86f77435b128b872",
        "593d489686f7745c6255d58a",
        "5a0d63621526d8dba31fe3bf",
        "5a9fbacda2750c00141e080f"
      ]
    }
  },
  "WEAPON_PG7TT_762x25_MFAC": {
    "enableCloneCompats": true,
    "enableCloneConflicts": false,
    "clone": "5a7ae0c351dfba0017554310",
    "enable": true,
    "item": {
      "_id": "WEAPON_PG7TT_762x25_MFAC",
      "_name": "WEAPON_PG7TT_762x25_MFAC",
      "_parent": "5447b5cf4bdc2d65278b4567",
      "_type": "Item",
      "_proto": "5448bd6b4bdc2dfc2f8b4569",
      "_props": {
        "Name": "WEAPON_PG7TT_762x25_MFAC",
        "ShortName": "WEAPON_PG7TT_762x25_MFAC",
        "Description": "WEAPON_PG7TT_762x25_MFAC",
        "Weight": 0.231,
        "ConflictingItems": [
          "5a7ad2e851dfba0016153692",
          "5a718b548dc32e000d46d262",
          "5a718da68dc32e000d46d264",
          "5a718f958dc32e00094b97e7",
          "630769c4962d0247b029dc60",
          "630767c37d50ff5e8a1ea71a",
          "63076701a987397c0816d21b"
        ],
        "weapClass": "pistol",
        "weapUseType": "secondary",
        "ammoCaliber": "Caliber762x25TT",
        "Durability": 100,
        "MaxDurability": 100,
        "OperatingResource": 3100,
        "weapFireType": [
          "single",
          "fullauto"
        ],
        "SingleFireRate": 450,
        "bFirerate": 750,
        "Ergonomics": 90,
        "defMagType": "MAG_GLOCK_762x25_DRUM_MFAC",
        "defAmmo": "5735ff5c245977640e39ba7e",
        "shotgunDispersion": 10,
        "Chambers": [
          {
            "_id": "5b3b713c5acfc4330140bd92",
            "_mergeSlotWithChildren": false,
            "_name": "patron_in_weapon",
            "_parent": "5b3b713c5acfc4330140bd8d",
            "_props": {
              "filters": [
                {
                  "Filter": [
                    "5735ff5c245977640e39ba7e",
                    "573601b42459776410737435",
                    "573602322459776445391df1",
                    "5736026a245977644601dc61",
                    "573603562459776430731618",
                    "573603c924597764442bd9cb",
                    "5735fdcd2459776445391d61"
                  ]
                }
              ]
            },
            "_proto": "55d4af244bdc2d962f8b4571",
            "_required": false
          }
        ],
        "DurabilityBurnRatio": 1.15,
        "HeatFactorGun": 1.06,
        "CoolFactorGun": 3.168,
        "CoolFactorGunMods": 0.98,
        "HeatFactorByShot": 1.7
      }
    },
    "handbook": {
      "ParentId": "5b5f792486f77447ed5636b3",
      "Price": 25000
    },
    "locales": {
      "en": {
        "Name": "<color=#a1ffba>MFAC</color> PGlock 7.62x25TT pistol",
        "ShortName": "PG7TT",
        "Description": "MFAC PGlock 7.62x25TT pistol"
      }
    },
    "addToThisItemsFilters": {
      "mod_magazine": [
        "MAG_GLOCK_762x25_DRUM_MFAC",
        "MAG_GLOCK_762x25_STD_MFAC",
        "MAG_GLOCK_762x25_BIG_MFAC"
      ]
    }
  },
  "WEAPON_PMk939_9x39_MFAC": {
    "enableCloneCompats": true,
    "enableCloneConflicts": false,
    "clone": "606587252535c57a13424cfd",
    "enable": true,
    "item": {
      "_id": "WEAPON_PMk939_9x39_MFAC",
      "_name": "WEAPON_PMk939_9x39_MFAC",
      "_parent": "5447b5f14bdc2d61278b4567",
      "_type": "Item",
      "_props": {
        "ConflictingItems": [
          "59e5d83b86f7745aed03d262",
          "5a01c29586f77474660c694c",
          "5ac66bea5acfc43b321d4aec",
          "59d625f086f774661516605d",
          "5b1fd4e35acfc40018633c39",
          "5a0060fc86f7745793204432",
          "59e5f5a486f7746c530b3ce2",
          "5b1fb3e15acfc4001637f068",
          "59d6272486f77466146386ff",
          "5e21a3c67e40bd02257a008a",
          "5cbdc23eae9215001136a407",
          "5c6175362e221600133e3b94",
          "59fafc5086f7740dbe19f6c3",
          "59fafc9386f774067d462453",
          "6272874a6c47bd74f92e2087",
          "64b9cf0ac12b9c38db26923a"
        ],
        "Name": "WEAPON_PMk939_9x39_MFAC",
        "ShortName": "WEAPON_PMk939_9x39_MFAC",
        "Description": "WEAPON_PMk939_9x39_MFAC",
        "Weight": 0.51,
        "Width": 1,
        "Height": 1,
        "CanSellOnRagfair": true,
        "weapClass": "assaultRifle",
        "weapUseType": "primary",
        "ammoCaliber": "Caliber9x39",
        "Durability": 100,
        "MaxDurability": 100,
        "OperatingResource": 4400,
        "weapFireType": [
          "single",
          "fullauto"
        ],
        "SingleFireRate": 450,
        "bFirerate": 650,
        "Ergonomics": 42,
        "Velocity": 0,
        "bEffDist": 500,
        "bHearDist": 80,
        "defMagType": "5a9e81fba2750c00164f6b11",
        "defAmmo": "57a0dfb82459774d3078b56c",
        "Chambers": [
          {
            "_id": "644674a13d52156624001fc5",
            "_mergeSlotWithChildren": false,
            "_name": "patron_in_weapon",
            "_parent": "644674a13d52156624001fbc",
            "_props": {
              "filters": [
                {
                  "Filter": [
                    "5c0d688c86f77413ae3407b2",
                    "61962d879bb3d20b0946d385",
                    "57a0dfb82459774d3078b56c",
                    "57a0e5022459774d1673f889",
                    "5c0d668f86f7747ccb7f13b2",
                    "6576f96220d53a5b8f3e395e"
                  ],
                  "MaxStackCount": 0
                }
              ]
            },
            "_proto": "55d4af244bdc2d962f8b4571",
            "_required": false
          }
        ],
        "DurabilityBurnRatio": 1.35,
        "HeatFactorGun": 1,
        "CoolFactorGun": 3.168,
        "CoolFactorGunMods": 1,
        "HeatFactorByShot": 1.231
      },
      "_proto": "5447a9cd4bdc2dbd208b4567"
    },
    "handbook": {
      "ParentId": "5b5f78fc86f77409407a7f90",
      "Price": 65000
    },
    "locales": {
      "en": {
        "Name": "<color=#a1ffba>MFAC</color> PMk939 Mutant 9x39mm assault rifle",
        "ShortName": "PMk939",
        "Description": "MFAC PMk939 Mutant 9x39 assault rifle. A modfiied version of the CMMG Mk47 to fire the 9x39mm round."
      }
    },
    "addToThisItemsFilters": {
      "mod_magazine": [
        "57838f0b2459774a256959b2",
        "57838f9f2459774a150289a0",
        "5a9e81fba2750c00164f6b11",
        "MAG_AKM_9x39_DRUM_MFAC"
      ],
      "conflicts": [
        "59e5d83b86f7745aed03d262",
        "5a01c29586f77474660c694c",
        "5ac66bea5acfc43b321d4aec",
        "59d625f086f774661516605d",
        "5b1fd4e35acfc40018633c39",
        "5a0060fc86f7745793204432",
        "59e5f5a486f7746c530b3ce2",
        "5b1fb3e15acfc4001637f068",
        "59d6272486f77466146386ff",
        "5e21a3c67e40bd02257a008a",
        "5cbdc23eae9215001136a407",
        "5c6175362e221600133e3b94",
        "59fafc5086f7740dbe19f6c3",
        "59fafc9386f774067d462453",
        "6272874a6c47bd74f92e2087",
        "64b9cf0ac12b9c38db26923a"
      ]
    }
  },
  "WEAPON_PPKP_762x51_MFAC": {
    "enableCloneCompats": true,
    "enableCloneConflicts": false,
    "clone": "64637076203536ad5600c990",
    "enable": true,
    "item": {
      "_id": "WEAPON_PPKP_762x51_MFAC",
      "_name": "WEAPON_PPKP_762x51_MFAC",
      "_parent": "5447bed64bdc2d97278b4568",
      "_type": "Item",
      "_props": {
        "Name": "WEAPON_PPKP_762x51_MFAC",
        "ShortName": "WEAPON_PPKP_762x51_MFAC",
        "Description": "WEAPON_PPKP_762x51_MFAC",
        "Width": 3,
        "Height": 1,
        "CanSellOnRagfair": true,
        "ConflictingItems": [
          "646372518610c40fc20204e8",
          "MAG_PKM_12g_BOX_MFAC"
        ],
        "weapClass": "machinegun",
        "weapUseType": "primary",
        "Durability": 100,
        "MaxDurability": 100,
        "OperatingResource": 9000,
        "weapFireType": [
          "fullauto"
        ],
        "Velocity": 1.8,
        "bEffDist": 750,
        "bHearDist": 80,
        "Weight": 1.852,
        "ammoCaliber": "Caliber762x51",
        "SingleFireRate": 450,
        "bFirerate": 780,
        "Ergonomics": 38,
        "defMagType": "MAG_PKM_762x51_BOX_MFAC",
        "defAmmo": "58dd3ad986f77403051cba8f",
        "shotgunDispersion": 0.1,
        "Chambers": [
          {
            "_id": "588892092459774ac91d4b18",
            "_mergeSlotWithChildren": false,
            "_name": "patron_in_weapon",
            "_parent": "588892092459774ac91d4b11",
            "_props": {
              "filters": [
                {
                  "Filter": [
                    "5a6086ea4f39f99cd479502f",
                    "5a608bf24f39f98ffc77720e",
                    "58dd3ad986f77403051cba8f",
                    "5e023e53d4353e3302577c4c",
                    "5efb0c1bd79ff02a1f5e68d9",
                    "5e023e6e34d52a55c3304f71",
                    "5e023e88277cce2b522ff2b1"
                  ]
                }
              ]
            },
            "_proto": "55d4af244bdc2d962f8b4571",
            "_required": false
          }
        ],
        "HeatFactorGun": 0.85,
        "HeatFactorByShot": 1.1,
        "CoolFactorGun": 4.5,
        "CoolFactorGunMods": 1.6
      }
    },
    "handbook": {
      "ParentId": "5b5f79a486f77409407a7f94",
      "Price": 200000
    },
    "locales": {
      "en": {
        "Name": "<color=#a1ffba>MFAC</color> PPKM308 7.62x51 machine gun",
        "ShortName": "PPKM308",
        "Description": "MFAC PPKM308 7.62x51 machine gun is a PKM modified to fire 7.62x51, there are also improvements to the heat dissapation and cyclic rate of fire."
      }
    },
    "addToThisItemsFilters": {
      "mod_magazine": [
        "MAG_PKM_762x51_BOX_MFAC"
      ],
      "mod_barrel": [
        "BARREL_PKM_HEAVY_MFAC"
      ],
      "mod_sight_rear": [
        "5f2aa49f9b44de6b1b4e68d4",
        "57ffb0062459777a045af529"
      ],
      "conflicts": [
        "646372518610c40fc20204e8"
      ]
    }
  },
  "WEAPON_PPKP_12g_MFAC": {
    "enableCloneCompats": true,
    "enableCloneConflicts": false,
    "clone": "64637076203536ad5600c990",
    "enable": true,
    "item": {
      "_id": "WEAPON_PPKP_12g_MFAC",
      "_name": "WEAPON_PPKP_12g_MFAC",
      "_parent": "5447bed64bdc2d97278b4568",
      "_type": "Item",
      "_props": {
        "Name": "WEAPON_PPKP_12g_MFAC",
        "ShortName": "WEAPON_PPKP_12g_MFAC",
        "Description": "WEAPON_PPKP_12g_MFAC",
        "CanSellOnRagfair": true,
        "ConflictingItems": [
          "646372518610c40fc20204e8",
          "MAG_PKM_762x51_BOX_MFAC"
        ],
        "weapClass": "machinegun",
        "weapUseType": "primary",
        "OperatingResource": 9000,
        "weapFireType": [
          "fullauto"
        ],
        "Weight": 1.852,
        "ammoCaliber": "Caliber12g",
        "SingleFireRate": 450,
        "bFirerate": 780,
        "Ergonomics": 38,
        "defMagType": "MAG_PKM_12g_BOX_MFAC",
        "defAmmo": "560d5e524bdc2d25448b4571",
        "shotgunDispersion": 1,
        "Chambers": [
          {
            "_id": "5a7828548dc32e5a9c28b51d",
            "_mergeSlotWithChildren": false,
            "_name": "patron_in_weapon",
            "_parent": "5a7828548dc32e5a9c28b516",
            "_props": {
              "filters": [
                {
                  "Filter": [
                    "560d5e524bdc2d25448b4571",
                    "5d6e6772a4b936088465b17c",
                    "5d6e67fba4b9361bc73bc779",
                    "5d6e6806a4b936088465b17e",
                    "5d6e68dea4b9361bcc29e659",
                    "5d6e6911a4b9361bd5780d52",
                    "5c0d591486f7744c505b416f",
                    "58820d1224597753c90aeb13",
                    "5d6e68c4a4b9361b93413f79",
                    "5d6e68a8a4b9360b6c0d54e2",
                    "5d6e68e6a4b9361c140bcfe0",
                    "5d6e6869a4b9361c140bcfde",
                    "5d6e68b3a4b9361bca7e50b5",
                    "5d6e6891a4b9361bd473feea",
                    "5d6e689ca4b9361bc8618956",
                    "5d6e68d1a4b93622fe60e845",
                    "64b8ee384b75259c590fa89b"
                  ]
                }
              ]
            },
            "_proto": "55d4af244bdc2d962f8b4571",
            "_required": false
          }
        ],
        "HeatFactorGun": 0.85,
        "HeatFactorByShot": 1.1,
        "CoolFactorGun": 4.5,
        "CoolFactorGunMods": 1.6
      }
    },
    "handbook": {
      "ParentId": "5b5f79a486f77409407a7f94",
      "Price": 200000
    },
    "locales": {
      "en": {
        "Name": "<color=#a1ffba>MFAC</color> PPKM12g 12/70 machine gun",
        "ShortName": "PPKM12g",
        "Description": "MFAC PPKM12g 12/70 machine gun is a PKM modified to fire 12/70, there are also improvements to the heat dissapation and cyclic rate of fire. "
      }
    },
    "addToThisItemsFilters": {
      "mod_magazine": [
        "MAG_PKM_12g_BOX_MFAC"
      ],
      "mod_barrel": [
        "BARREL_PKM_HEAVY_MFAC",
        "612368f58b401f4f51239b33",
        "588200af24597742fa221dfb",
        "588200c224597743990da9ed",
        "588200cf2459774414733d55",
        "56deec93d2720bec348b4568"
      ],
      "mod_sight_rear": [
        "5f2aa49f9b44de6b1b4e68d4",
        "57ffb0062459777a045af529"
      ],
      "conflicts": [
        "646372518610c40fc20204e8"
      ]
    }
  },
  "WEAPON_SAWNOFF_127_MFAC": {
    "clone": "64748cb8de82c85eaf0a273a",
    "enable": true,
    "item": {
      "_id": "WEAPON_SAWNOFF_127_MFAC",
      "_name": "WEAPON_SAWNOFF_127_MFAC",
      "_parent": "5447b6094bdc2dc3278b4567",
      "_props": {
        "CenterOfImpact": 0.01,
        "Chambers": [
          {
            "_id": "WEAPON_SAWNOFF_127_MFACc1",
            "_mergeSlotWithChildren": false,
            "_name": "patron_in_weapon_000",
            "_parent": "WEAPON_SAWNOFF_127_MFAC",
            "_props": {
              "filters": [
                {
                  "Filter": [
                    "560d5e524bdc2d25448b4571",
                    "5d6e6772a4b936088465b17c",
                    "5d6e67fba4b9361bc73bc779",
                    "5d6e6806a4b936088465b17e",
                    "5d6e68dea4b9361bcc29e659",
                    "5d6e6911a4b9361bd5780d52",
                    "5c0d591486f7744c505b416f",
                    "58820d1224597753c90aeb13",
                    "5d6e68c4a4b9361b93413f79",
                    "5d6e68a8a4b9360b6c0d54e2",
                    "5d6e68e6a4b9361c140bcfe0",
                    "5d6e6869a4b9361c140bcfde",
                    "5d6e68b3a4b9361bca7e50b5",
                    "5d6e6891a4b9361bd473feea",
                    "5d6e689ca4b9361bc8618956",
                    "5d6e68d1a4b93622fe60e845",
                    "64b8ee384b75259c590fa89b",
                    "5cde8864d7f00c0010373be1",
                    "5d2f2ab648f03550091993ca"
                  ]
                }
              ]
            },
            "_proto": "55d4af244bdc2d962f8b4571",
            "_required": false
          },
          {
            "_id": "WEAPON_SAWNOFF_127_MFACc2",
            "_mergeSlotWithChildren": false,
            "_name": "patron_in_weapon_001",
            "_parent": "WEAPON_SAWNOFF_127_MFAC",
            "_props": {
              "filters": [
                {
                  "Filter": [
                    "560d5e524bdc2d25448b4571",
                    "5d6e6772a4b936088465b17c",
                    "5d6e67fba4b9361bc73bc779",
                    "5d6e6806a4b936088465b17e",
                    "5d6e68dea4b9361bcc29e659",
                    "5d6e6911a4b9361bd5780d52",
                    "5c0d591486f7744c505b416f",
                    "58820d1224597753c90aeb13",
                    "5d6e68c4a4b9361b93413f79",
                    "5d6e68a8a4b9360b6c0d54e2",
                    "5d6e68e6a4b9361c140bcfe0",
                    "5d6e6869a4b9361c140bcfde",
                    "5d6e68b3a4b9361bca7e50b5",
                    "5d6e6891a4b9361bd473feea",
                    "5d6e689ca4b9361bc8618956",
                    "5d6e68d1a4b93622fe60e845",
                    "64b8ee384b75259c590fa89b",
                    "5cde8864d7f00c0010373be1",
                    "5d2f2ab648f03550091993ca"
                  ]
                }
              ]
            },
            "_proto": "55d4af244bdc2d962f8b4571",
            "_required": false
          }
        ],
        "Name": "WEAPON_SAWNOFF_127_MFAC",
        "OperatingResource": 10000,
        "ShortName": "МР43e",
        "ShotgunDispersion": 1,
        "SightingRange": 100,
        "SingleFireRate": 450,
        "SizeReduceRight": 0,
        "Slots": [
          {
            "_id": "WEAPON_SAWNOFF_127_MFAC_barrel",
            "_mergeSlotWithChildren": false,
            "_name": "mod_barrel",
            "_parent": "WEAPON_SAWNOFF_127_MFAC",
            "_props": {
              "filters": [
                {
                  "Filter": [
                    "64748d02d1c009260702b526",
                    "5580169d4bdc2d9d138b4585",
                    "55d447bb4bdc2d892f8b456f",
                    "611a30addbdd8440277441dc"
                  ],
                  "Shift": 0
                }
              ]
            },
            "_proto": "55d30c4c4bdc2db4468b457e",
            "_required": true
          }
        ],
        "Velocity": 0,
        "Weight": 1.3,
        "Width": 1,
        "ammoCaliber": "Caliber12g",
        "bEffDist": 100,
        "bFirerate": 900,
        "bHearDist": 80,
        "chamberAmmoCount": 1,
        "defAmmo": "560d5e524bdc2d25448b4571",
        "defMagType": "5448bc234bdc2d3c308b4569",
        "shotgunDispersion": 0,
        "weapClass": "shotgun",
        "weapFireType": [
          "single",
          "doublet"
        ],
        "weapUseType": "primary"
      },
      "_type": "Item"
    },
    "handbook": {
      "ParentId": "5b5f794b86f77409407a7f92",
      "Price": 30000
    },
    "locales": {
      "en": {
        "Name": "<color=#a1ffba>MFAC</color> PMP-43 12ga sawed-off double-barrel shotgun",
        "ShortName": "PMP-43",
        "Description": "Sawn-off shotgun, reinforced for big loads."
      }
    }
  },
  "WEAPON_PRHINO_MFAC": {
    "clone": "624c2e8614da335f1e034d8c",
    "enableCloneCompats": true,
    "enableCloneConflicts": false,
    "enable": true,
    "item": {
      "_props": {
        "Name": "WEAPON_PRHINO_MFAC",
        "ShortName": "WEAPON_PRHINO_MFAC",
        "Description": "WEAPON_PRHINO_MFAC",
        "Slots": [
          {
            "_id": "624c2e8614da335f1e034d8e",
            "_mergeSlotWithChildren": false,
            "_name": "mod_magazine",
            "_parent": "624c2e8614da335f1e034d8c",
            "_props": {
              "filters": [
                {
                  "AnimationIndex": 0,
                  "Filter": [
                    "MAG_PRHINO_CYLINDER_MFAC"
                  ]
                }
              ]
            },
            "_proto": "55d30c394bdc2dae468b4577",
            "_required": true
          },
          {
            "_id": "624c2e8614da335f1e034d8f",
            "_mergeSlotWithChildren": false,
            "_name": "mod_sight_front",
            "_parent": "624c2e8614da335f1e034d8c",
            "_props": {
              "filters": [
                {
                  "Filter": [
                    "619f52454c58466fe122843b",
                    "619f4d304c58466fe1228437"
                  ],
                  "Shift": 0
                }
              ]
            },
            "_proto": "55d30c4c4bdc2db4468b457e",
            "_required": false
          },
          {
            "_id": "624c2e8614da335f1e034d90",
            "_mergeSlotWithChildren": false,
            "_name": "mod_pistol_grip",
            "_parent": "624c2e8614da335f1e034d8c",
            "_props": {
              "filters": [
                {
                  "Filter": [
                    "619f4ab2d25cbd424731fb95",
                    "619f4bffd25cbd424731fb97"
                  ],
                  "Shift": 0
                }
              ]
            },
            "_proto": "55d30c4c4bdc2db4468b457e",
            "_required": true
          }
        ],
        "ammoCaliber": "Caliber9x21",
        "defAmmo": "5a269f97c4a282000b151807",
        "defMagType": "MAG_PRHINO_CYLINDER_MFAC"
      }
    },
    "handbook": {
      "ParentId": "5b5f792486f77447ed5636b3",
      "Price": 20000
    },
    "locales": {
      "en": {
        "Name": "<color=#a1ffba>MFAC</color> PRhino 9x21 revolver",
        "ShortName": "PRhino",
        "Description": "MFAC PRhino 9x21 revolver is a Rhino 200D modified to fire 9x21, there are also improvements to the frame to allow for the more powerful cartridge.."
      }
    },
    "addToThisItemsFilters": {},
    "addToExistingItemFilters": {
      "SpecialSlot1": [
        "627a4e6b255f7527fb05a0f6"
      ],
      "SpecialSlot2": [
        "627a4e6b255f7527fb05a0f6"
      ],
      "SpecialSlot3": [
        "627a4e6b255f7527fb05a0f6"
      ],
      "SpecialSlot4": [
        "627a4e6b255f7527fb05a0f6"
      ]
    }
  }
}