{
	"items": [
		{
			"_id": "WEAPON_PAN94_545_MFAC_PARENT",
			"_tpl": "WEAPON_PAN94_545_MFAC",
			"parentId": "hideout",
			"slotId": "hideout",
			"upd": {
				"UnlimitedCount": true,
				"StackObjectsCount": 20
			}
		},
		{
			"_id": "WEAPON_PAN94_545_MFAC_PRESET_GASBLOCK",
			"_tpl": "59c6633186f7740cf0493bb9",
			"parentId": "WEAPON_PAN94_545_MFAC_PARENT",
			"slotId": "mod_gas_block"
		},
		{
			"_id": "WEAPON_PAN94_545_MFAC_PRESET_MUZZLE",
			"_tpl": "5ac7655e5acfc40016339a19",
			"parentId": "WEAPON_PAN94_545_MFAC_PARENT",
			"slotId": "mod_muzzle"
		},
		{
			"_id": "WEAPON_PAN94_545_MFAC_PRESET_PISTOLGRIP",
			"_tpl": "5649ade84bdc2d1b2b8b4587",
			"parentId": "WEAPON_PAN94_545_MFAC_PARENT",
			"slotId": "mod_pistol_grip"
		},
		{
			"_id": "WEAPON_PAN94_545_MFAC_PRESET_RECIEVER",
			"_tpl": "5ac50da15acfc4001718d287",
			"parentId": "WEAPON_PAN94_545_MFAC_PARENT",
			"slotId": "mod_reciever"
		},
		{
			"_id": "WEAPON_PAN94_545_MFAC_PRESET_REARSIGHT",
			"_tpl": "5ac72e475acfc400180ae6fe",
			"parentId": "WEAPON_PAN94_545_MFAC_PARENT",
			"slotId": "mod_sight_rear"
		},
		{
			"_id": "WEAPON_PAN94_545_MFAC_PRESET_STOCK",
			"_tpl": "5ac50c185acfc400163398d4",
			"parentId": "WEAPON_PAN94_545_MFAC_PARENT",
			"slotId": "mod_stock"
		},
		{
			"_id": "WEAPON_PAN94_545_MFAC_PRESET_MAGAZINE",
			"_tpl": "55d480c04bdc2d1d4e8b456a",
			"parentId": "WEAPON_PAN94_545_MFAC_PARENT",
			"slotId": "mod_magazine"
		},
		{
			"_id": "WEAPON_PAN94_545_MFAC_PRESET_HANDGUARD",
			"_tpl": "5cbda392ae92155f3c17c39f",
			"parentId": "WEAPON_PAN94_545_MFAC_PRESET_GASBLOCK",
			"slotId": "mod_handguard"
		},
		{
			"_id": "WEAPON_PAN95_556_MFAC_PARENT",
			"_tpl": "WEAPON_PAN95_556_MFAC",
			"parentId": "hideout",
			"slotId": "hideout",
			"upd": {
				"UnlimitedCount": true,
				"StackObjectsCount": 20
			}
		},
		{
			"_id": "WEAPON_PAN95_556_MFAC_PRESET_GASBLOCK",
			"_tpl": "59c6633186f7740cf0493bb9",
			"parentId": "WEAPON_PAN95_556_MFAC_PARENT",
			"slotId": "mod_gas_block"
		},
		{
			"_id": "WEAPON_PAN95_556_MFAC_PRESET_MUZZLE",
			"_tpl": "5ac72e615acfc43f67248aa0",
			"parentId": "WEAPON_PAN95_556_MFAC_PARENT",
			"slotId": "mod_muzzle"
		},
		{
			"_id": "WEAPON_PAN95_556_MFAC_PRESET_PISTOLGRIP",
			"_tpl": "5649ade84bdc2d1b2b8b4587",
			"parentId": "WEAPON_PAN95_556_MFAC_PARENT",
			"slotId": "mod_pistol_grip"
		},
		{
			"_id": "WEAPON_PAN95_556_MFAC_PRESET_RECIEVER",
			"_tpl": "5ac50da15acfc4001718d287",
			"parentId": "WEAPON_PAN95_556_MFAC_PARENT",
			"slotId": "mod_reciever"
		},
		{
			"_id": "WEAPON_PAN95_556_MFAC_PRESET_REARSIGHT",
			"_tpl": "5ac72e475acfc400180ae6fe",
			"parentId": "WEAPON_PAN95_556_MFAC_PARENT",
			"slotId": "mod_sight_rear"
		},
		{
			"_id": "WEAPON_PAN95_556_MFAC_PRESET_STOCK",
			"_tpl": "5ac50c185acfc400163398d4",
			"parentId": "WEAPON_PAN95_556_MFAC_PARENT",
			"slotId": "mod_stock"
		},
		{
			"_id": "WEAPON_PAN95_556_MFAC_PRESET_MAGAZINE",
			"_tpl": "5ac66c5d5acfc4001718d314",
			"parentId": "WEAPON_PAN95_556_MFAC_PARENT",
			"slotId": "mod_magazine"
		},
		{
			"_id": "WEAPON_PAN95_556_MFAC_PRESET_HANDGUARD",
			"_tpl": "5cbda392ae92155f3c17c39f",
			"parentId": "WEAPON_PAN95_556_MFAC_PRESET_GASBLOCK",
			"slotId": "mod_handguard"
		},
		{
			"_id": "WEAPON_PAEK971_545_MFAC_PARENT",
			"_tpl": "WEAPON_PAEK971_545_MFAC",
			"parentId": "hideout",
			"slotId": "hideout",
			"upd": {
				"UnlimitedCount": true,
				"StackObjectsCount": 20
			}
		},
		{
			"_id": "WEAPON_PAEK971_545_MFAC_PRESET_GASBLOCK",
			"_tpl": "59c6633186f7740cf0493bb9",
			"parentId": "WEAPON_PAEK971_545_MFAC_PARENT",
			"slotId": "mod_gas_block"
		},
		{
			"_id": "WEAPON_PAEK971_545_MFAC_PRESET_MUZZLE",
			"_tpl": "5ac7655e5acfc40016339a19",
			"parentId": "WEAPON_PAEK971_545_MFAC_PARENT",
			"slotId": "mod_muzzle"
		},
		{
			"_id": "WEAPON_PAEK971_545_MFAC_PRESET_PISTOLGRIP",
			"_tpl": "5649ade84bdc2d1b2b8b4587",
			"parentId": "WEAPON_PAEK971_545_MFAC_PARENT",
			"slotId": "mod_pistol_grip"
		},
		{
			"_id": "WEAPON_PAEK971_545_MFAC_PRESET_RECIEVER",
			"_tpl": "5ac50da15acfc4001718d287",
			"parentId": "WEAPON_PAEK971_545_MFAC_PARENT",
			"slotId": "mod_reciever"
		},
		{
			"_id": "WEAPON_PAEK971_545_MFAC_PRESET_REARSIGHT",
			"_tpl": "5ac72e475acfc400180ae6fe",
			"parentId": "WEAPON_PAEK971_545_MFAC_PARENT",
			"slotId": "mod_sight_rear"
		},
		{
			"_id": "WEAPON_PAEK971_545_MFAC_PRESET_STOCK",
			"_tpl": "5ac50c185acfc400163398d4",
			"parentId": "WEAPON_PAEK971_545_MFAC_PARENT",
			"slotId": "mod_stock"
		},
		{
			"_id": "WEAPON_PAEK971_545_MFAC_PRESET_MAGAZINE",
			"_tpl": "55d480c04bdc2d1d4e8b456a",
			"parentId": "WEAPON_PAEK971_545_MFAC_PARENT",
			"slotId": "mod_magazine"
		},
		{
			"_id": "WEAPON_PAEK971_545_MFAC_PRESET_HANDGUARD",
			"_tpl": "5cbda392ae92155f3c17c39f",
			"parentId": "WEAPON_PAEK971_545_MFAC_PRESET_GASBLOCK",
			"slotId": "mod_handguard"
		},
		{
			"_id": "WEAPON_POPSKS_762x39_MFAC_PARENT",
			"_tpl": "WEAPON_POPSKS_762x39_MFAC",
			"parentId": "hideout",
			"slotId": "hideout",
			"upd": {
				"UnlimitedCount": true,
				"StackObjectsCount": 20
			}
		},
		{
			"_id": "fd9a5eb76c9901258c96d648",
			"_tpl": "653ecef836fae5a82f02b869",
			"parentId": "WEAPON_POPSKS_762x39_MFAC_PARENT",
			"slotId": "mod_stock"
		},
		{
			"_id": "00a88c2605da2955e0a4098e",
			"_tpl": "634eff66517ccc8a960fc735",
			"parentId": "WEAPON_POPSKS_762x39_MFAC_PARENT",
			"slotId": "mod_barrel"
		},
		{
			"_id": "1d168f9872b11d976c3c93cb",
			"_tpl": "587df583245977373c4f1129",
			"parentId": "WEAPON_POPSKS_762x39_MFAC_PARENT",
			"slotId": "mod_magazine"
		},
		{
			"_id": "f064df44da1508786eae6c8d",
			"_tpl": "6415c694da439c6a97048b56",
			"parentId": "WEAPON_POPSKS_762x39_MFAC_PARENT",
			"slotId": "mod_reciever"
		},
		{
			"_id": "96d3e29f765ae34cf8af4acf",
			"_tpl": "634f05a21f9f536910079b56",
			"parentId": "00a88c2605da2955e0a4098e",
			"slotId": "mod_mount_000"
		},
		{
			"_id": "2bd1a3d2ee751e1aa6b8595f",
			"_tpl": "634f036a517ccc8a960fc746",
			"parentId": "96d3e29f765ae34cf8af4acf",
			"slotId": "mod_gas_block"
		},
		{
			"_id": "f23bc88254412384b2c67f1d",
			"_tpl": "574db213245977459a2f3f5d",
			"parentId": "96d3e29f765ae34cf8af4acf",
			"slotId": "mod_sight_rear"
		},
		{
			"_id": "d931730922e8b18164d03b82",
			"_tpl": "653ecc425a1690d9d90491e4",
			"parentId": "2bd1a3d2ee751e1aa6b8595f",
			"slotId": "mod_mount_000"
		},
		{
			"_id": "WEAPON_PSTM9AUTO_9x19_MFAC_PARENT",
			"_tpl": "WEAPON_PSTM9AUTO_9x19_MFAC",
			"parentId": "hideout",
			"slotId": "hideout",
			"upd": {
				"UnlimitedCount": true,
				"StackObjectsCount": 20
			}
		},
		{
			"_id": "WEAPON_PSTM9AUTO_9x19_MFAC_PRESET_PISTOLGRIP",
			"_tpl": "55802f5d4bdc2dac148b458f",
			"parentId": "WEAPON_PSTM9AUTO_9x19_MFAC_PARENT",
			"slotId": "mod_pistol_grip"
		},
		{
			"_id": "WEAPON_PSTM9AUTO_9x19_MFAC_PRESET_MAGAZINE",
			"_tpl": "5a718da68dc32e000d46d264",
			"parentId": "WEAPON_PSTM9AUTO_9x19_MFAC_PARENT",
			"slotId": "mod_magazine"
		},
		{
			"_id": "WEAPON_PSTM9AUTO_9x19_MFAC_PRESET_RECEIVER",
			"_tpl": "602e63fb6335467b0c5ac94d",
			"parentId": "WEAPON_PSTM9AUTO_9x19_MFAC_PARENT",
			"slotId": "mod_reciever"
		},
		{
			"_id": "WEAPON_PSTM9AUTO_9x19_MFAC_PRESET_BUFFER_TUBE",
			"_tpl": "5947e98b86f774778f1448bc",
			"parentId": "WEAPON_PSTM9AUTO_9x19_MFAC_PARENT",
			"slotId": "mod_stock_001"
		},
		{
			"_id": "WEAPON_PSTM9AUTO_9x19_MFAC_PRESET_CHARGING_HANDLE",
			"_tpl": "56ea7165d2720b6e518b4583",
			"parentId": "WEAPON_PSTM9AUTO_9x19_MFAC_PARENT",
			"slotId": "mod_charge"
		},
		{
			"_id": "WEAPON_PSTM9AUTO_9x19_MFAC_PRESET_REARSIGHT",
			"_tpl": "5fb6564947ce63734e3fa1da",
			"parentId": "WEAPON_PSTM9AUTO_9x19_MFAC_PRESET_RECEIVER",
			"slotId": "mod_sight_rear"
		},
		{
			"_id": "WEAPON_PSTM9AUTO_9x19_MFAC_PRESET_BARREL",
			"_tpl": "603372b4da11d6478d5a07ff",
			"parentId": "WEAPON_PSTM9AUTO_9x19_MFAC_PRESET_RECEIVER",
			"slotId": "mod_barrel"
		},
		{
			"_id": "WEAPON_PSTM9AUTO_9x19_MFAC_PRESET_MUZZLE",
			"_tpl": "60337f5dce399e10262255d1",
			"parentId": "WEAPON_PSTM9AUTO_9x19_MFAC_PRESET_BARREL",
			"slotId": "mod_muzzle"
		},
		{
			"_id": "WEAPON_PSTM9AUTO_9x19_MFAC_PRESET_HANDGUARD",
			"_tpl": "6034e3cb0ddce744014cb870",
			"parentId": "WEAPON_PSTM9AUTO_9x19_MFAC_PRESET_RECEIVER",
			"slotId": "mod_handguard"
		},
		{
			"_id": "WEAPON_PSTM9AUTO_9x19_MFAC_PRESET_FOREGRIP",
			"_tpl": "57cffce524597763b31685d8",
			"parentId": "WEAPON_PSTM9AUTO_9x19_MFAC_PRESET_HANDGUARD",
			"slotId": "mod_foregrip"
		},
		{
			"_id": "WEAPON_PSTM9AUTO_9x19_MFAC_PRESET_FRONTSIGHT",
			"_tpl": "5fb6567747ce63734e3fa1dc",
			"parentId": "WEAPON_PSTM9AUTO_9x19_MFAC_PRESET_HANDGUARD",
			"slotId": "mod_sight_front"
		},
		{
			"_id": "WEAPON_PSTM7AUTO_7x25_MFAC_PARENT",
			"_tpl": "WEAPON_PSTM7AUTO_7x25_MFAC",
			"parentId": "hideout",
			"slotId": "hideout",
			"upd": {
				"UnlimitedCount": true,
				"StackObjectsCount": 20
			}
		},
		{
			"_id": "WEAPON_PSTM7AUTO_7x25_MFAC_PRESET_PISTOLGRIP",
			"_tpl": "55802f5d4bdc2dac148b458f",
			"parentId": "WEAPON_PSTM7AUTO_7x25_MFAC_PARENT",
			"slotId": "mod_pistol_grip"
		},
		{
			"_id": "WEAPON_PSTM7AUTO_7x25_MFAC_PRESET_MAGAZINE",
			"_tpl": "MAG_GLOCK_762x25_DRUM_MFAC",
			"parentId": "WEAPON_PSTM7AUTO_7x25_MFAC_PARENT",
			"slotId": "mod_magazine"
		},
		{
			"_id": "WEAPON_PSTM7AUTO_7x25_MFAC_PRESET_RECEIVER",
			"_tpl": "602e63fb6335467b0c5ac94d",
			"parentId": "WEAPON_PSTM7AUTO_7x25_MFAC_PARENT",
			"slotId": "mod_reciever"
		},
		{
			"_id": "WEAPON_PSTM7AUTO_7x25_MFAC_PRESET_BUFFER_TUBE",
			"_tpl": "5947e98b86f774778f1448bc",
			"parentId": "WEAPON_PSTM7AUTO_7x25_MFAC_PARENT",
			"slotId": "mod_stock_001"
		},
		{
			"_id": "WEAPON_PSTM7AUTO_7x25_MFAC_PRESET_CHARGING_HANDLE",
			"_tpl": "56ea7165d2720b6e518b4583",
			"parentId": "WEAPON_PSTM7AUTO_7x25_MFAC_PARENT",
			"slotId": "mod_charge"
		},
		{
			"_id": "WEAPON_PSTM7AUTO_7x25_MFAC_PRESET_REARSIGHT",
			"_tpl": "5fb6564947ce63734e3fa1da",
			"parentId": "WEAPON_PSTM7AUTO_7x25_MFAC_PRESET_RECEIVER",
			"slotId": "mod_sight_rear"
		},
		{
			"_id": "WEAPON_PSTM7AUTO_7x25_MFAC_PRESET_BARREL",
			"_tpl": "603372b4da11d6478d5a07ff",
			"parentId": "WEAPON_PSTM7AUTO_7x25_MFAC_PRESET_RECEIVER",
			"slotId": "mod_barrel"
		},
		{
			"_id": "WEAPON_PSTM7AUTO_7x25_MFAC_PRESET_MUZZLE",
			"_tpl": "60337f5dce399e10262255d1",
			"parentId": "WEAPON_PSTM7AUTO_7x25_MFAC_PRESET_BARREL",
			"slotId": "mod_muzzle"
		},
		{
			"_id": "WEAPON_PSTM7AUTO_7x25_MFAC_PRESET_HANDGUARD",
			"_tpl": "6034e3cb0ddce744014cb870",
			"parentId": "WEAPON_PSTM7AUTO_7x25_MFAC_PRESET_RECEIVER",
			"slotId": "mod_handguard"
		},
		{
			"_id": "WEAPON_PSTM7AUTO_7x25_MFAC_PRESET_FOREGRIP",
			"_tpl": "57cffce524597763b31685d8",
			"parentId": "WEAPON_PSTM7AUTO_7x25_MFAC_PRESET_HANDGUARD",
			"slotId": "mod_foregrip"
		},
		{
			"_id": "WEAPON_PSTM7AUTO_7x25_MFAC_PRESET_FRONTSIGHT",
			"_tpl": "5fb6567747ce63734e3fa1dc",
			"parentId": "WEAPON_PSTM7AUTO_7x25_MFAC_PRESET_HANDGUARD",
			"slotId": "mod_sight_front"
		},
		{
			"_id": "WEAPON_PM1911AUTO_1143x23_MFAC_PARENT",
			"_tpl": "WEAPON_PM1911AUTO_1143x23_MFAC",
			"parentId": "hideout",
			"slotId": "hideout",
			"upd": {
				"UnlimitedCount": true,
				"StackObjectsCount": 20
			}
		},
		{
			"_id": "WEAPON_PM1911AUTO_1143x23_MFAC_PRESET_BARREL",
			"_tpl": "5e81c519cb2b95385c177551",
			"parentId": "WEAPON_PM1911AUTO_1143x23_MFAC_PARENT",
			"slotId": "mod_barrel"
		},
		{
			"_id": "WEAPON_PM1911AUTO_1143x23_MFAC_PRESET_PISTOLGRIP",
			"_tpl": "5e81c6bf763d9f754677beff",
			"parentId": "WEAPON_PM1911AUTO_1143x23_MFAC_PARENT",
			"slotId": "mod_pistol_grip"
		},
		{
			"_id": "WEAPON_PM1911AUTO_1143x23_MFAC_PRESET_RECEIVER",
			"_tpl": "5e81edc13397a21db957f6a1",
			"parentId": "WEAPON_PM1911AUTO_1143x23_MFAC_PARENT",
			"slotId": "mod_reciever"
		},
		{
			"_id": "WEAPON_PM1911AUTO_1143x23_MFAC_PRESET_MAGAZINE",
			"_tpl": "5e81c4ca763d9f754677befa",
			"parentId": "WEAPON_PM1911AUTO_1143x23_MFAC_PARENT",
			"slotId": "mod_magazine"
		},
		{
			"_id": "WEAPON_PM1911AUTO_1143x23_MFAC_PRESET_TRIGGER",
			"_tpl": "5e81c6a2ac2bb513793cdc7f",
			"parentId": "WEAPON_PM1911AUTO_1143x23_MFAC_PARENT",
			"slotId": "mod_trigger"
		},
		{
			"_id": "WEAPON_PM1911AUTO_1143x23_MFAC_PRESET_HAMMER",
			"_tpl": "5e81c550763d9f754677befd",
			"parentId": "WEAPON_PM1911AUTO_1143x23_MFAC_PARENT",
			"slotId": "mod_hammer"
		},
		{
			"_id": "WEAPON_PM1911AUTO_1143x23_MFAC_PRESET_CATCH",
			"_tpl": "5e81c539cb2b95385c177553",
			"parentId": "WEAPON_PM1911AUTO_1143x23_MFAC_PARENT",
			"slotId": "mod_catch"
		},
		{
			"_id": "WEAPON_PM1911AUTO_1143x23_MFAC_PRESET_REARSIGHT",
			"_tpl": "5e81ee4dcb2b95385c177582",
			"parentId": "WEAPON_PM1911AUTO_1143x23_MFAC_PRESET_RECEIVER",
			"slotId": "mod_sight_rear"
		},
		{
			"_id": "WEAPON_PM1911AUTO_1143x23_MFAC_PRESET_FRONTSIGHT",
			"_tpl": "5e81ee213397a21db957f6a6",
			"parentId": "WEAPON_PM1911AUTO_1143x23_MFAC_PRESET_RECEIVER",
			"slotId": "mod_sight_front"
		},
		{
			"_id": "WEAPON_PM1911AUTO_1143x23_MFAC_PRESET_MUZZLE",
			"_tpl": "5ef61964ec7f42238c31e0c1",
			"parentId": "WEAPON_PM1911AUTO_1143x23_MFAC_PRESET_RECEIVER",
			"slotId": "mod_muzzle"
		},
		{
			"_id": "WEAPON_PG17_9x19_MFAC_PARENT",
			"_tpl": "WEAPON_PG17_9x19_MFAC",
			"parentId": "hideout",
			"slotId": "hideout",
			"upd": {
				"UnlimitedCount": true,
				"StackObjectsCount": 20
			}
		},
		{
			"_id": "WEAPON_PG17_9x19_MFAC_PRESET_BARREL",
			"_tpl": "5a6b5b8a8dc32e001207faf3",
			"parentId": "WEAPON_PG17_9x19_MFAC_PARENT",
			"slotId": "mod_barrel"
		},
		{
			"_id": "WEAPON_PG17_9x19_MFAC_PRESET_RECEIVER",
			"_tpl": "5a702d198dc32e000b452fc3",
			"parentId": "WEAPON_PG17_9x19_MFAC_PARENT",
			"slotId": "mod_reciever"
		},
		{
			"_id": "WEAPON_PG17_9x19_MFAC_PRESET_MAGAZINE",
			"_tpl": "5a718b548dc32e000d46d262",
			"parentId": "WEAPON_PG17_9x19_MFAC_PARENT",
			"slotId": "mod_magazine"
		},
		{
			"_id": "WEAPON_PG17_9x19_MFAC_PRESET_REARSIGHT",
			"_tpl": "5a7d9122159bd4001438dbf4",
			"parentId": "WEAPON_PG17_9x19_MFAC_PRESET_RECEIVER",
			"slotId": "mod_sight_rear"
		},
		{
			"_id": "WEAPON_PG17_9x19_MFAC_PRESET_FRONTSIGHT",
			"_tpl": "5a7d90eb159bd400165484f1",
			"parentId": "WEAPON_PG17_9x19_MFAC_PRESET_RECEIVER",
			"slotId": "mod_sight_front"
		},
		{
			"_id": "WEAPON_PG17_9x19_MFAC_PRESET_MUZZLE",
			"_tpl": "5a7ad0c451dfba0013379712",
			"parentId": "WEAPON_PG17_9x19_MFAC_PRESET_BARREL",
			"slotId": "mod_muzzle"
		},
		{
			"_id": "WEAPON_PM14_762x51_MFAC_PARENT",
			"_tpl": "WEAPON_PM14_762x51_MFAC",
			"parentId": "hideout",
			"slotId": "hideout",
			"upd": {
				"UnlimitedCount": true,
				"StackObjectsCount": 20
			}
		},
		{
			"_id": "WEAPON_PM14_762x51_MFAC_PRESET_MAGAZINE",
			"_tpl": "5aaf8a0be5b5b00015693243",
			"parentId": "WEAPON_PM14_762x51_MFAC_PARENT",
			"slotId": "mod_magazine"
		},
		{
			"_id": "WEAPON_PM14_762x51_MFAC_PRESET_STOCK",
			"_tpl": "5aaf8e43e5b5b00015693246",
			"parentId": "WEAPON_PM14_762x51_MFAC_PARENT",
			"slotId": "mod_stock"
		},
		{
			"_id": "WEAPON_PM14_762x51_MFAC_PRESET_BARREL",
			"_tpl": "5aaf9d53e5b5b00015042a52",
			"parentId": "WEAPON_PM14_762x51_MFAC_PARENT",
			"slotId": "mod_barrel"
		},
		{
			"_id": "WEAPON_PM14_762x51_MFAC_PRESET_REARSIGHT",
			"_tpl": "5abcbb20d8ce87001773e258",
			"parentId": "WEAPON_PM14_762x51_MFAC_PARENT",
			"slotId": "mod_sight_rear"
		},
		{
			"_id": "WEAPON_PM14_762x51_MFAC_PRESET_MOUNT01",
			"_tpl": "5ab24ef9e5b5b00fe93c9209",
			"parentId": "WEAPON_PM14_762x51_MFAC_PRESET_STOCK",
			"slotId": "mod_mount"
		},
		{
			"_id": "WEAPON_PM14_762x51_MFAC_PRESET_MUZZLE",
			"_tpl": "5aafa1c2e5b5b00015042a56",
			"parentId": "WEAPON_PM14_762x51_MFAC_PRESET_BARREL",
			"slotId": "mod_muzzle"
		},
		{
			"_id": "WEAPON_PM14_762x51_MFAC_PRESET_FRONTSIGHT",
			"_tpl": "5aafa49ae5b5b00015042a58",
			"parentId": "WEAPON_PM14_762x51_MFAC_PRESET_MUZZLE",
			"slotId": "mod_sight_front"
		},
		{
			"_id": "WEAPON_PSVDS_762x54r_MFAC_PARENT",
			"_tpl": "WEAPON_PSVDS_762x54r_MFAC",
			"parentId": "hideout",
			"slotId": "hideout",
			"upd": {
				"UnlimitedCount": true,
				"StackObjectsCount": 20
			}
		},
		{
			"_id": "WEAPON_PSVDS_762x54r_MFAC_PRESET_PISTOLGRIP",
			"_tpl": "5c471be12e221602b66cd9ac",
			"parentId": "WEAPON_PSVDS_762x54r_MFAC_PARENT",
			"slotId": "mod_pistol_grip"
		},
		{
			"_id": "WEAPON_PSVDS_762x54r_MFAC_PRESET_MAGAZINE",
			"_tpl": "5c471c442e221602b542a6f8",
			"parentId": "WEAPON_PSVDS_762x54r_MFAC_PARENT",
			"slotId": "mod_magazine"
		},
		{
			"_id": "WEAPON_PSVDS_762x54r_MFAC_PRESET_STOCK",
			"_tpl": "5c471b5d2e221602b21d4e14",
			"parentId": "WEAPON_PSVDS_762x54r_MFAC_PARENT",
			"slotId": "mod_stock"
		},
		{
			"_id": "WEAPON_PSVDS_762x54r_MFAC_PRESET_BARREL",
			"_tpl": "5c471cb32e221602b177afaa",
			"parentId": "WEAPON_PSVDS_762x54r_MFAC_PARENT",
			"slotId": "mod_barrel"
		},
		{
			"_id": "WEAPON_PSVDS_762x54r_MFAC_PRESET_MOUNT01",
			"_tpl": "5c471c2d2e22164bef5d077f",
			"parentId": "WEAPON_PSVDS_762x54r_MFAC_PARENT",
			"slotId": "mod_mount_001"
		},
		{
			"_id": "WEAPON_PSVDS_762x54r_MFAC_PRESET_RECIEVER",
			"_tpl": "5c471bd12e221602b4129c3a",
			"parentId": "WEAPON_PSVDS_762x54r_MFAC_PARENT",
			"slotId": "mod_reciever"
		},
		{
			"_id": "WEAPON_PSVDS_762x54r_MFAC_PRESET_MUZZLE",
			"_tpl": "5c471bfc2e221602b21d4e17",
			"parentId": "WEAPON_PSVDS_762x54r_MFAC_PRESET_BARREL",
			"slotId": "mod_muzzle"
		},
		{
			"_id": "WEAPON_PSVDS_762x54r_MFAC_PRESET_GASBLOCK",
			"_tpl": "5c471c842e221615214259b5",
			"parentId": "WEAPON_PSVDS_762x54r_MFAC_PRESET_BARREL",
			"slotId": "mod_gas_block"
		},
		{
			"_id": "WEAPON_PSVDS_762x54r_MFAC_PRESET_HANDGUARD",
			"_tpl": "5c471c6c2e221602b66cd9ae",
			"parentId": "WEAPON_PSVDS_762x54r_MFAC_PRESET_MOUNT01",
			"slotId": "mod_handguard"
		},
		{
			"_id": "WEAPON_PSVDS_762x54r_MFAC_PRESET_REARSIGHT",
			"_tpl": "5c471b7e2e2216152006e46c",
			"parentId": "WEAPON_PSVDS_762x54r_MFAC_PRESET_MOUNT01",
			"slotId": "mod_sight_rear"
		},
		{
			"_id": "WEAPON_PPB_9x18m_MFAC_PARENT",
			"_tpl": "WEAPON_PPB_9x18m_MFAC",
			"parentId": "hideout",
			"slotId": "hideout",
			"upd": {
				"UnlimitedCount": true,
				"StackObjectsCount": 20
			}
		},
		{
			"_id": "WEAPON_PPB_9x18m_MFAC_PRESET_MAGAZINE",
			"_tpl": "5448c12b4bdc2d02308b456f",
			"parentId": "WEAPON_PPB_9x18m_MFAC_PARENT",
			"slotId": "mod_magazine"
		},
		{
			"_id": "WEAPON_PPB_9x18m_MFAC_PRESET_PISTOLGRIP",
			"_tpl": "56e05a6ed2720bd0748b4567",
			"parentId": "WEAPON_PPB_9x18m_MFAC_PARENT",
			"slotId": "mod_pistolgrip"
		},
		{
			"_id": "WEAPON_PPB_9x18m_MFAC_PRESET_MUZZLE",
			"_tpl": "56e05b06d2720bb2668b4586",
			"parentId": "WEAPON_PPB_9x18m_MFAC_PARENT",
			"slotId": "mod_muzzle"
		},
		{
			"_id": "WEAPON_PMT_9x18m_MFAC_PARENT",
			"_tpl": "WEAPON_PMT_9x18m_MFAC",
			"parentId": "hideout",
			"slotId": "hideout",
			"upd": {
				"UnlimitedCount": true,
				"StackObjectsCount": 20
			}
		},
		{
			"_id": "WEAPON_PMT_9x18m_MFAC_PRESET_MAGAZINE",
			"_tpl": "5448c12b4bdc2d02308b456f",
			"parentId": "WEAPON_PMT_9x18m_MFAC_PARENT",
			"slotId": "mod_magazine"
		},
		{
			"_id": "WEAPON_PMT_9x18m_MFAC_PRESET_RECI",
			"_tpl": "6374a822e629013b9c0645c8",
			"parentId": "WEAPON_PMT_9x18m_MFAC_PARENT",
			"slotId": "mod_reciever"
		},
		{
			"_id": "WEAPON_PMT_9x18m_MFAC_PRESET_PG",
			"_tpl": "637b6d610aef6cfc5e02dd14",
			"parentId": "WEAPON_PMT_9x18m_MFAC_PARENT",
			"slotId": "mod_pistolgrip"
		},
		{
			"_id": "WEAPON_PMT_9x18m_MFAC_PRESET_SR",
			"_tpl": "63c6adcfb4ba094317063742",
			"parentId": "WEAPON_PMT_9x18m_MFAC_PRESET_RECI",
			"slotId": "mod_sight_rear"
		},
		{
			"_id": "BARREL_M1A_HEAVY_MFAC",
			"_tpl": "BARREL_M1A_HEAVY_MFAC",
			"parentId": "hideout",
			"slotId": "hideout",
			"upd": {
				"UnlimitedCount": true,
				"StackObjectsCount": 20
			}
		},
		{
			"_id": "BARREL_M1A_SHORTHEAVY_MFAC",
			"_tpl": "BARREL_M1A_SHORTHEAVY_MFAC",
			"parentId": "hideout",
			"slotId": "hideout",
			"upd": {
				"UnlimitedCount": true,
				"StackObjectsCount": 20
			}
		},
		{
			"_id": "BARREL_SVD_22HEAVY_MFAC",
			"_tpl": "BARREL_SVD_22HEAVY_MFAC",
			"parentId": "hideout",
			"slotId": "hideout",
			"upd": {
				"UnlimitedCount": true,
				"StackObjectsCount": 20
			}
		},
		{
			"_id": "MAG_SVD_762x54_DRUM_MFAC",
			"_tpl": "MAG_SVD_762x54_DRUM_MFAC",
			"parentId": "hideout",
			"slotId": "hideout",
			"upd": {
				"UnlimitedCount": true,
				"StackObjectsCount": 20
			}
		},
		{
			"_id": "MAG_GLOCK_762x25_DRUM_MFAC",
			"_tpl": "MAG_GLOCK_762x25_DRUM_MFAC",
			"parentId": "hideout",
			"slotId": "hideout",
			"upd": {
				"UnlimitedCount": true,
				"StackObjectsCount": 20
			}
		},
		{
			"_id": "MAG_MP5_9x18pm_DRUM_MFAC",
			"_tpl": "MAG_MP5_9x18pm_DRUM_MFAC",
			"parentId": "hideout",
			"slotId": "hideout",
			"upd": {
				"UnlimitedCount": true,
				"StackObjectsCount": 20
			}
		},
		{
			"_id": "WEAPON_PMP5V_9x18pm_MFAC_PARENT",
			"_tpl": "WEAPON_PMP5V_9x18pm_MFAC",
			"parentId": "hideout",
			"slotId": "hideout",
			"upd": {
				"UnlimitedCount": true,
				"StackObjectsCount": 20
			}
		},
		{
			"_id": "WEAPON_PMP5V_9x18pm_MFAC_PRESET_MAGAZINE",
			"_tpl": "MAG_MP5_9x18pm_DRUM_MFAC",
			"parentId": "WEAPON_PMP5V_9x18pm_MFAC_PARENT",
			"slotId": "mod_magazine"
		},
		{
			"_id": "WEAPON_PMP5V_9x18pm_MFAC_PRESET_RECEIVER",
			"_tpl": "RECIEVER_MP5_SD_MFAC",
			"parentId": "WEAPON_PMP5V_9x18pm_MFAC_PARENT",
			"slotId": "mod_reciever"
		},
		{
			"_id": "WEAPON_PMP5V_9x18pm_MFAC_PRESET_CHARGE",
			"_tpl": "5926c32286f774616e42de99",
			"parentId": "WEAPON_PMP5V_9x18pm_MFAC_PARENT",
			"slotId": "mod_charge"
		},
		{
			"_id": "WEAPON_PMP5V_9x18pm_MFAC_PRESET_HANDGUARD",
			"_tpl": "5d010d1cd7ad1a59283b1ce7",
			"parentId": "WEAPON_PMP5V_9x18pm_MFAC_PRESET_RECEIVER",
			"slotId": "mod_handguard"
		},
		{
			"_id": "WEAPON_PMP5V_9x18pm_MFAC_PRESET_SIGHTREAR",
			"_tpl": "5926d2be86f774134d668e4e",
			"parentId": "WEAPON_PMP5V_9x18pm_MFAC_PRESET_RECEIVER",
			"slotId": "mod_sight_rear"
		},
		{
			"_id": "WEAPON_PMP5V_9x18pm_MFAC_PRESET_STOCK",
			"_tpl": "5926d3c686f77410de68ebc8",
			"parentId": "WEAPON_PMP5V_9x18pm_MFAC_PRESET_RECEIVER",
			"slotId": "mod_stock"
		},
		{
			"_id": "WEAPON_PMP5V_9x18pm_MFAC_PRESET_MUZZLE",
			"_tpl": "5926d33d86f77410de68ebc0",
			"parentId": "WEAPON_PMP5V_9x18pm_MFAC_PRESET_RECEIVER",
			"slotId": "mod_muzzle"
		},
		{
			"_id": "WEAPON_PMP5V_9x18pm_MFAC_PRESET_FOREGRIP",
			"_tpl": "5c87ca002e221600114cb150",
			"parentId": "WEAPON_PMP5V_9x18pm_MFAC_PRESET_HANDGUARD",
			"slotId": "mod_foregrip"
		},
		{
			"_id": "MAG_AR15_545x39_PMAG30_MFAC",
			"_tpl": "MAG_AR15_545x39_PMAG30_MFAC",
			"parentId": "hideout",
			"slotId": "hideout",
			"upd": {
				"UnlimitedCount": true,
				"StackObjectsCount": 20
			}
		},
		{
			"_id": "WEAPON_PM4C545_545x39_MFAC_PARENT",
			"_tpl": "WEAPON_PM4C545_545x39_MFAC",
			"parentId": "hideout",
			"slotId": "hideout",
			"upd": {
				"UnlimitedCount": true,
				"StackObjectsCount": 20
			}
		},
		{
			"_id": "WEAPON_PM4C545_545x39_MFAC_PRESET_PISTOLGRIP",
			"_tpl": "5d15cf3bd7ad1a67e71518b2",
			"parentId": "WEAPON_PM4C545_545x39_MFAC_PARENT",
			"slotId": "mod_pistol_grip"
		},
		{
			"_id": "WEAPON_PM4C545_545x39_MFAC_PRESET_MAGAZINE",
			"_tpl": "MAG_AR15_545x39_PMAG30_MFAC",
			"parentId": "WEAPON_PM4C545_545x39_MFAC_PARENT",
			"slotId": "mod_magazine"
		},
		{
			"_id": "WEAPON_PM4C545_545x39_MFAC_PRESET_RECEIVER",
			"_tpl": "55d355e64bdc2d962f8b4569",
			"parentId": "WEAPON_PM4C545_545x39_MFAC_PARENT",
			"slotId": "mod_reciever"
		},
		{
			"_id": "WEAPON_PM4C545_545x39_MFAC_PRESET_STOCK",
			"_tpl": "591af10186f774139d495f0e",
			"parentId": "WEAPON_PM4C545_545x39_MFAC_PARENT",
			"slotId": "mod_stock"
		},
		{
			"_id": "WEAPON_PM4C545_545x39_MFAC_PRESET_CHARGE",
			"_tpl": "55d44fd14bdc2d962f8b456e",
			"parentId": "WEAPON_PM4C545_545x39_MFAC_PARENT",
			"slotId": "mod_charge"
		},
		{
			"_id": "WEAPON_PM4C545_545x39_MFAC_PRESET_BARREL",
			"_tpl": "55d3632e4bdc2d972f8b4569",
			"parentId": "WEAPON_PM4C545_545x39_MFAC_PRESET_RECEIVER",
			"slotId": "mod_barrel"
		},
		{
			"_id": "WEAPON_PM4C545_545x39_MFAC_PRESET_HANDGUARD",
			"_tpl": "5c78f2792e221600106f4683",
			"parentId": "WEAPON_PM4C545_545x39_MFAC_PRESET_RECEIVER",
			"slotId": "mod_handguard"
		},
		{
			"_id": "WEAPON_PM4C545_545x39_MFAC_PRESET_SIGHTREAR",
			"_tpl": "55d5f46a4bdc2d1b198b4567",
			"parentId": "WEAPON_PM4C545_545x39_MFAC_PRESET_RECEIVER",
			"slotId": "mod_sight_rear"
		},
		{
			"_id": "WEAPON_PM4C545_545x39_MFAC_PRESET_MUZZLE",
			"_tpl": "544a38634bdc2d58388b4568",
			"parentId": "WEAPON_PM4C545_545x39_MFAC_PRESET_BARREL",
			"slotId": "mod_muzzle"
		},
		{
			"_id": "WEAPON_PM4C545_545x39_MFAC_PRESET_GASBLOCK",
			"_tpl": "5ae30e795acfc408fb139a0b",
			"parentId": "WEAPON_PM4C545_545x39_MFAC_PRESET_BARREL",
			"slotId": "mod_gas_block"
		},
		{
			"_id": "WEAPON_PM4C545_545x39_MFAC_PRESET_FOREGRIP",
			"_tpl": "57cffcd624597763133760c5",
			"parentId": "WEAPON_PM4C545_545x39_MFAC_PRESET_HANDGUARD",
			"slotId": "mod_foregrip"
		},
		{
			"_id": "MAG_AR15_545x39_PMAG60_MFAC",
			"_tpl": "MAG_AR15_545x39_PMAG60_MFAC",
			"parentId": "hideout",
			"slotId": "hideout",
			"upd": {
				"UnlimitedCount": true,
				"StackObjectsCount": 20
			}
		},
		{
			"_id": "MAG_FN57_46x30_MFAC",
			"_tpl": "MAG_FN57_46x30_MFAC",
			"parentId": "hideout",
			"slotId": "hideout",
			"upd": {
				"UnlimitedCount": true,
				"StackObjectsCount": 20
			}
		},
		{
			"_id": "WEAPON_PFN46_46x30_MFAC_PARENT",
			"_tpl": "WEAPON_PFN46_46x30_MFAC",
			"parentId": "hideout",
			"slotId": "hideout",
			"upd": {
				"UnlimitedCount": true,
				"StackObjectsCount": 20
			}
		},
		{
			"_id": "WEAPON_PFN46_46x30_MFAC_PRESET_BARREL",
			"_tpl": "5d3eb5b6a4b9361eab311902",
			"parentId": "WEAPON_PFN46_46x30_MFAC_PARENT",
			"slotId": "mod_barrel"
		},
		{
			"_id": "WEAPON_PFN46_46x30_MFAC_PRESET_RECIEVER",
			"_tpl": "5d3eb44aa4b93650d64e4979",
			"parentId": "WEAPON_PFN46_46x30_MFAC_PARENT",
			"slotId": "mod_reciever"
		},
		{
			"_id": "WEAPON_PFN46_46x30_MFAC_PRESET_MAGAZINE",
			"_tpl": "MAG_FN57_46x30_MFAC",
			"parentId": "WEAPON_PFN46_46x30_MFAC_PARENT",
			"slotId": "mod_magazine"
		},
		{
			"_id": "WEAPON_PFN46_46x30_MFAC_PRESET_SIGHTREAR",
			"_tpl": "5d3eb4aba4b93650d64e497d",
			"parentId": "WEAPON_PFN46_46x30_MFAC_PRESET_RECIEVER",
			"slotId": "mod_sight_rear"
		},
		{
			"_id": "WEAPON_PFN46_46x30_MFAC_PRESET_SIGHTFRONT",
			"_tpl": "5d3eb536a4b9363b1f22f8e2",
			"parentId": "WEAPON_PFN46_46x30_MFAC_PRESET_RECIEVER",
			"slotId": "mod_sight_front"
		},
		{
			"_id": "WEAPON_PRD762R_762x54R_MFAC_PARENT",
			"_tpl": "WEAPON_PRD762R_762x54R_MFAC",
			"parentId": "hideout",
			"slotId": "hideout",
			"upd": {
				"UnlimitedCount": true,
				"StackObjectsCount": 20
			}
		},
		{
			"_id": "WEAPON_PRD762R_762x54R_MFAC_PRESET_GASBLOCK",
			"_tpl": "628a83c29179c324ed269508",
			"parentId": "WEAPON_PRD762R_762x54R_MFAC_PARENT",
			"slotId": "mod_gas_block"
		},
		{
			"_id": "WEAPON_PRD762R_762x54R_MFAC_PRESET_MUZZLE",
			"_tpl": "628a66b41d5e41750e314f34",
			"parentId": "WEAPON_PRD762R_762x54R_MFAC_PARENT",
			"slotId": "mod_muzzle"
		},
		{
			"_id": "WEAPON_PRD762R_762x54R_MFAC_PRESET_PISTOLGRIP",
			"_tpl": "5b30ac585acfc433000eb79c",
			"parentId": "WEAPON_PRD762R_762x54R_MFAC_PARENT",
			"slotId": "mod_pistol_grip"
		},
		{
			"_id": "WEAPON_PRD762R_762x54R_MFAC_PRESET_RECIEVER",
			"_tpl": "628a665a86cbd9750d2ff5e5",
			"parentId": "WEAPON_PRD762R_762x54R_MFAC_PARENT",
			"slotId": "mod_reciever"
		},
		{
			"_id": "WEAPON_PRD762R_762x54R_MFAC_PRESET_REARSIGHT",
			"_tpl": "628a7b23b0f75035732dd565",
			"parentId": "WEAPON_PRD762R_762x54R_MFAC_PARENT",
			"slotId": "mod_sight_rear"
		},
		{
			"_id": "WEAPON_PRD762R_762x54R_MFAC_PRESET_STOCK000",
			"_tpl": "628a6678ccaab13006640e49",
			"parentId": "WEAPON_PRD762R_762x54R_MFAC_PARENT",
			"slotId": "mod_stock_000"
		},
		{
			"_id": "WEAPON_PRD762R_762x54R_MFAC_PRESET_MAGAZINE",
			"_tpl": "5c88f24b2e22160bc12c69a6",
			"parentId": "WEAPON_PRD762R_762x54R_MFAC_PARENT",
			"slotId": "mod_magazine"
		},
		{
			"_id": "WEAPON_PRD762R_762x54R_MFAC_PRESET_STOCK",
			"_tpl": "5947e98b86f774778f1448bc",
			"parentId": "WEAPON_PRD762R_762x54R_MFAC_PRESET_STOCK000",
			"slotId": "mod_stock"
		},
		{
			"_id": "WEAPON_P209_366TKM_MFAC_PARENT",
			"_tpl": "WEAPON_P209_366TKM_MFAC",
			"parentId": "hideout",
			"slotId": "hideout",
			"upd": {
				"UnlimitedCount": true,
				"StackObjectsCount": 20
			}
		},
		{
			"_id": "WEAPON_P209_366TKM_MFAC_PRESET_GASBLOCK",
			"_tpl": "59d64ec286f774171d1e0a42",
			"parentId": "WEAPON_P209_366TKM_MFAC_PARENT",
			"slotId": "mod_gas_block"
		},
		{
			"_id": "WEAPON_P209_366TKM_MFAC_PRESET_MUZZLE",
			"_tpl": "59e8a00d86f7742ad93b569c",
			"parentId": "WEAPON_P209_366TKM_MFAC_PARENT",
			"slotId": "mod_muzzle"
		},
		{
			"_id": "WEAPON_P209_366TKM_MFAC_PRESET_PISTOLGRIP",
			"_tpl": "619b69037b9de8162902673e",
			"parentId": "WEAPON_P209_366TKM_MFAC_PARENT",
			"slotId": "mod_pistol_grip"
		},
		{
			"_id": "WEAPON_P209_366TKM_MFAC_PRESET_RECIEVER",
			"_tpl": "5d2c76ed48f03532f2136169",
			"parentId": "WEAPON_P209_366TKM_MFAC_PARENT",
			"slotId": "mod_reciever"
		},
		{
			"_id": "WEAPON_P209_366TKM_MFAC_PRESET_HANDGUARD",
			"_tpl": "5c9a07572e221644f31c4b32",
			"parentId": "WEAPON_P209_366TKM_MFAC_PRESET_GASBLOCK",
			"slotId": "mod_handguard"
		},
		{
			"_id": "WEAPON_P209_366TKM_MFAC_PRESET_MAGAZINE",
			"_tpl": "5a0060fc86f7745793204432",
			"parentId": "WEAPON_P209_366TKM_MFAC_PARENT",
			"slotId": "mod_magazine"
		},
		{
			"_id": "WEAPON_PSAIGA12AUTO_MFAC_PARENT",
			"_tpl": "WEAPON_PSAIGA12AUTO_MFAC",
			"parentId": "hideout",
			"slotId": "hideout",
			"upd": {
				"UnlimitedCount": true,
				"StackObjectsCount": 20
			}
		},
		{
			"_id": "WEAPON_PSAIGA12AUTO_MFAC_PRESET_MUZZLE",
			"_tpl": "58272d7f2459774f6311ddfd",
			"parentId": "WEAPON_PSAIGA12AUTO_MFAC_PARENT",
			"slotId": "mod_muzzle"
		},
		{
			"_id": "WEAPON_PSAIGA12AUTO_MFAC_PRESET_PISTOLGRIP",
			"_tpl": "5b30ac585acfc433000eb79c",
			"parentId": "WEAPON_PSAIGA12AUTO_MFAC_PARENT",
			"slotId": "mod_pistol_grip"
		},
		{
			"_id": "WEAPON_PSAIGA12AUTO_MFAC_PRESET_RECIEVER",
			"_tpl": "57616c112459773cce774d66",
			"parentId": "WEAPON_PSAIGA12AUTO_MFAC_PARENT",
			"slotId": "mod_reciever"
		},
		{
			"_id": "WEAPON_PSAIGA12AUTO_MFAC_PRESET_HANDGUARD",
			"_tpl": "576169e62459773c69055191",
			"parentId": "WEAPON_PSAIGA12AUTO_MFAC_PARENT",
			"slotId": "mod_handguard"
		},
		{
			"_id": "WEAPON_PSAIGA12AUTO_MFAC_PRESET_MAGAZINE",
			"_tpl": "57616a9e2459773c7a400234",
			"parentId": "WEAPON_PSAIGA12AUTO_MFAC_PARENT",
			"slotId": "mod_magazine"
		},
		{
			"_id": "WEAPON_PSAIGA12AUTO_MFAC_REARSIGHT",
			"_tpl": "57a9b9ce2459770ee926038d",
			"parentId": "WEAPON_PSAIGA12AUTO_MFAC_PARENT",
			"slotId": "mod_sight_rear"
		},
		{
			"_id": "WEAPON_PSAIGA12AUTO_MFAC_STOCK",
			"_tpl": "57616ca52459773c69055192",
			"parentId": "WEAPON_PSAIGA12AUTO_MFAC_PARENT",
			"slotId": "mod_stock"
		},
		{
			"_id": "MAG_SAIGA12_CDRUM_MFAC",
			"_tpl": "MAG_SAIGA12_CDRUM_MFAC",
			"parentId": "hideout",
			"slotId": "hideout",
			"upd": {
				"UnlimitedCount": true,
				"StackObjectsCount": 20
			}
		},
		{
			"_id": "WEAPON_PG7TT_762x25_MFAC_PARENT",
			"_tpl": "WEAPON_PG7TT_762x25_MFAC",
			"parentId": "hideout",
			"slotId": "hideout",
			"upd": {
				"UnlimitedCount": true,
				"StackObjectsCount": 20
			}
		},
		{
			"_id": "WEAPON_PG7TT_762x25_MFAC_PRESET_BARREL",
			"_tpl": "5a6b5b8a8dc32e001207faf3",
			"parentId": "WEAPON_PG7TT_762x25_MFAC_PARENT",
			"slotId": "mod_barrel"
		},
		{
			"_id": "WEAPON_PG7TT_762x25_MFAC_PRESET_RECEIVER",
			"_tpl": "5a702d198dc32e000b452fc3",
			"parentId": "WEAPON_PG7TT_762x25_MFAC_PARENT",
			"slotId": "mod_reciever"
		},
		{
			"_id": "WEAPON_PG7TT_762x25_MFAC_PRESET_MAGAZINE",
			"_tpl": "MAG_GLOCK_762x25_STD_MFAC",
			"parentId": "WEAPON_PG7TT_762x25_MFAC_PARENT",
			"slotId": "mod_magazine"
		},
		{
			"_id": "WEAPON_PG7TT_762x25_MFAC_PRESET_REARSIGHT",
			"_tpl": "5a7d9122159bd4001438dbf4",
			"parentId": "WEAPON_PG7TT_762x25_MFAC_PRESET_RECEIVER",
			"slotId": "mod_sight_rear"
		},
		{
			"_id": "WEAPON_PG7TT_762x25_MFAC_PRESET_FRONTSIGHT",
			"_tpl": "5a7d90eb159bd400165484f1",
			"parentId": "WEAPON_PG7TT_762x25_MFAC_PRESET_RECEIVER",
			"slotId": "mod_sight_front"
		},
		{
			"_id": "WEAPON_PG7TT_762x25_MFAC_PRESET_MUZZLE",
			"_tpl": "5a7ad0c451dfba0013379712",
			"parentId": "WEAPON_PG7TT_762x25_MFAC_PRESET_BARREL",
			"slotId": "mod_muzzle"
		},
		{
			"_id": "MAG_GLOCK_762x25_BIG_MFAC",
			"_tpl": "MAG_GLOCK_762x25_BIG_MFAC",
			"parentId": "hideout",
			"slotId": "hideout",
			"upd": {
				"UnlimitedCount": true,
				"StackObjectsCount": 20
			}
		},
		{
			"_id": "MAG_GLOCK_762x25_STD_MFAC",
			"_tpl": "MAG_GLOCK_762x25_STD_MFAC",
			"parentId": "hideout",
			"slotId": "hideout",
			"upd": {
				"UnlimitedCount": true,
				"StackObjectsCount": 20
			}
		},
		{
			"_id": "MAG_AKM_9x39_DRUM_MFAC",
			"_tpl": "MAG_AKM_9x39_DRUM_MFAC",
			"parentId": "hideout",
			"slotId": "hideout",
			"upd": {
				"UnlimitedCount": true,
				"StackObjectsCount": 20
			}
		},
		{
			"_id": "WEAPON_PMk939_9x39_MFAC_PARENT",
			"_tpl": "WEAPON_PMk939_9x39_MFAC",
			"parentId": "hideout",
			"slotId": "hideout",
			"upd": {
				"UnlimitedCount": true,
				"StackObjectsCount": 20
			}
		},
		{
			"_id": "WEAPON_PMk939_9x39_MFAC_PRESET_PISTOLGRIP",
			"_tpl": "55802f5d4bdc2dac148b458f",
			"parentId": "WEAPON_PMk939_9x39_MFAC_PARENT",
			"slotId": "mod_pistol_grip"
		},
		{
			"_id": "WEAPON_PMk939_9x39_MFAC_PRESET_MAGAZINE",
			"_tpl": "5a9e81fba2750c00164f6b11",
			"parentId": "WEAPON_PMk939_9x39_MFAC_PARENT",
			"slotId": "mod_magazine"
		},
		{
			"_id": "WEAPON_PMk939_9x39_MFAC_PRESET_RECIEVER",
			"_tpl": "606587a88900dc2d9a55b659",
			"parentId": "WEAPON_PMk939_9x39_MFAC_PARENT",
			"slotId": "mod_reciever"
		},
		{
			"_id": "WEAPON_PMk939_9x39_MFAC_PRESET_STOCK001",
			"_tpl": "591aef7986f774139d495f03",
			"parentId": "WEAPON_PMk939_9x39_MFAC_PARENT",
			"slotId": "mod_stock_001"
		},
		{
			"_id": "WEAPON_PMk939_9x39_MFAC_PRESET_CHARGINGH",
			"_tpl": "606587bd6d0bd7580617bacc",
			"parentId": "WEAPON_PMk939_9x39_MFAC_PARENT",
			"slotId": "mod_charge"
		},
		{
			"_id": "WEAPON_PMk939_9x39_MFAC_PRESET_BARREL",
			"_tpl": "60658776f2cb2e02a42ace2b",
			"parentId": "WEAPON_PMk939_9x39_MFAC_PRESET_RECIEVER",
			"slotId": "mod_barrel"
		},
		{
			"_id": "WEAPON_PMk939_9x39_MFAC_PRESET_HANDGUARD",
			"_tpl": "6065880c132d4d12c81fd8da",
			"parentId": "WEAPON_PMk939_9x39_MFAC_PRESET_RECIEVER",
			"slotId": "mod_handguard"
		},
		{
			"_id": "WEAPON_PMk939_9x39_MFAC_PRESET_RS",
			"_tpl": "5fb6564947ce63734e3fa1da",
			"parentId": "WEAPON_PMk939_9x39_MFAC_PRESET_RECIEVER",
			"slotId": "mod_sight_rear"
		},
		{
			"_id": "WEAPON_PMk939_9x39_MFAC_PRESET_MUZZLE",
			"_tpl": "6130c43c67085e45ef1405a1",
			"parentId": "WEAPON_PMk939_9x39_MFAC_PRESET_BARREL",
			"slotId": "mod_muzzle"
		},
		{
			"_id": "WEAPON_PMk939_9x39_MFAC_PRESET_GASBLOCK",
			"_tpl": "6065dc8a132d4d12c81fd8e3",
			"parentId": "WEAPON_PMk939_9x39_MFAC_PRESET_BARREL",
			"slotId": "mod_gas_block"
		},
		{
			"_id": "WEAPON_PMk939_9x39_MFAC_PRESET_FS",
			"_tpl": "5fb6567747ce63734e3fa1dc",
			"parentId": "WEAPON_PMk939_9x39_MFAC_PRESET_HANDGUARD",
			"slotId": "mod_sight_front"
		},
		{
			"_id": "Alice_127x108b32",
			"_tpl": "5cde8864d7f00c0010373be1",
			"parentId": "hideout",
			"slotId": "hideout",
			"upd": {
				"UnlimitedCount": true,
				"StackObjectsCount": 500
			}
		},
		{
			"_id": "Alice_127x108bzt44m",
			"_tpl": "5d2f2ab648f03550091993ca",
			"parentId": "hideout",
			"slotId": "hideout",
			"upd": {
				"UnlimitedCount": true,
				"StackObjectsCount": 500
			}
		},
		{
			"_id": "WEAPON_SAWNOFF_127_MFAC_PARENT",
			"_tpl": "WEAPON_SAWNOFF_127_MFAC",
			"parentId": "hideout",
			"slotId": "hideout",
			"upd": {
				"UnlimitedCount": true,
				"StackObjectsCount": 20
			}
		},
		{
			"_id": "WEAPON_SAWNOFF_127_MFAC_preset_barrel",
			"_tpl": "64748d02d1c009260702b526",
			"parentId": "WEAPON_SAWNOFF_127_MFAC_PARENT",
			"slotId": "mod_barrel"
		},
		{
			"_id": "WEAPON_PPKP_762x51_MFAC_PARENT",
			"_tpl": "WEAPON_PPKP_762x51_MFAC",
			"parentId": "hideout",
			"slotId": "hideout",
			"upd": {
				"UnlimitedCount": true,
				"StackObjectsCount": 20
			}
		},
		{
			"_id": "WEAPON_PPKP_762x51_MFAC_PRESET_PG",
			"_tpl": "646371779f5f0ea59a04c204",
			"parentId": "WEAPON_PPKP_762x51_MFAC_PARENT",
			"slotId": "mod_pistolgrip"
		},
		{
			"_id": "WEAPON_PPKP_762x51_MFAC_PRESET_MAG",
			"_tpl": "MAG_PKM_762x51_BOX_MFAC",
			"parentId": "WEAPON_PPKP_762x51_MFAC_PARENT",
			"slotId": "mod_magazine"
		},
		{
			"_id": "WEAPON_PPKP_762x51_MFAC_PRESET_STOCK",
			"_tpl": "646371a9f2404ab67905c8e6",
			"parentId": "WEAPON_PPKP_762x51_MFAC_PARENT",
			"slotId": "mod_stock"
		},
		{
			"_id": "WEAPON_PPKP_762x51_MFAC_PRESET_BARREL",
			"_tpl": "BARREL_PKM_HEAVY_MFAC",
			"parentId": "WEAPON_PPKP_762x51_MFAC_PARENT",
			"slotId": "mod_barrel"
		},
		{
			"_id": "WEAPON_PPKP_762x51_MFAC_PRESET_BIPOD",
			"_tpl": "6464d870bb2c580352070cc4",
			"parentId": "WEAPON_PPKP_762x51_MFAC_PARENT",
			"slotId": "mod_bipod"
		},
		{
			"_id": "WEAPON_PPKP_762x51_MFAC_PRESET_HANDGUARD",
			"_tpl": "6491c6f6ef312a876705191b",
			"parentId": "WEAPON_PPKP_762x51_MFAC_PARENT",
			"slotId": "mod_handguard"
		},
		{
			"_id": "WEAPON_PPKP_762x51_MFAC_PRESET_SR",
			"_tpl": "57ffb0062459777a045af529",
			"parentId": "WEAPON_PPKP_762x51_MFAC_PARENT",
			"slotId": "mod_sight_rear"
		},
		{
			"_id": "WEAPON_PPKP_762x51_MFAC_PRESET_MUZI",
			"_tpl": "5cdd7693d7f00c0010373aa5",
			"parentId": "WEAPON_PPKP_762x51_MFAC_PRESET_BARREL",
			"slotId": "mod_muzzle"
		},
		{
			"_id": "WEAPON_PPKP_762x51_MFAC_PRESET_HOLOS",
			"_tpl": "58491f3324597764bc48fa02",
			"parentId": "WEAPON_PPKP_762x51_MFAC_PRESET_SR",
			"slotId": "mod_scope"
		},
		{
			"_id": "MAG_PKM_762x51_BOX_MFAC",
			"_tpl": "MAG_PKM_762x51_BOX_MFAC",
			"parentId": "hideout",
			"slotId": "hideout",
			"upd": {
				"UnlimitedCount": true,
				"StackObjectsCount": 20
			}
		},
		{
			"_id": "MAG_PKM_12g_BOX_MFAC",
			"_tpl": "MAG_PKM_12g_BOX_MFAC",
			"parentId": "hideout",
			"slotId": "hideout",
			"upd": {
				"UnlimitedCount": true,
				"StackObjectsCount": 20
			}
		},
		{
			"_id": "WEAPON_PPKP_12g_MFAC_PARENT",
			"_tpl": "WEAPON_PPKP_12g_MFAC",
			"parentId": "hideout",
			"slotId": "hideout",
			"upd": {
				"UnlimitedCount": true,
				"StackObjectsCount": 20
			}
		},
		{
			"_id": "WEAPON_PPKP_12g_MFAC_PRESET_PG",
			"_tpl": "646371779f5f0ea59a04c204",
			"parentId": "WEAPON_PPKP_12g_MFAC_PARENT",
			"slotId": "mod_pistolgrip"
		},
		{
			"_id": "WEAPON_PPKP_12g_MFAC_PRESET_MAG",
			"_tpl": "MAG_PKM_12g_BOX_MFAC",
			"parentId": "WEAPON_PPKP_12g_MFAC_PARENT",
			"slotId": "mod_magazine"
		},
		{
			"_id": "WEAPON_PPKP_12g_MFAC_PRESET_STOCK",
			"_tpl": "646371a9f2404ab67905c8e6",
			"parentId": "WEAPON_PPKP_12g_MFAC_PARENT",
			"slotId": "mod_stock"
		},
		{
			"_id": "WEAPON_PPKP_12g_MFAC_PRESET_BARREL",
			"_tpl": "588200af24597742fa221dfb",
			"parentId": "WEAPON_PPKP_12g_MFAC_PARENT",
			"slotId": "mod_barrel"
		},
		{
			"_id": "WEAPON_PPKP_12g_MFAC_PRESET_BIPOD",
			"_tpl": "6464d870bb2c580352070cc4",
			"parentId": "WEAPON_PPKP_12g_MFAC_PARENT",
			"slotId": "mod_bipod"
		},
		{
			"_id": "WEAPON_PPKP_12g_MFAC_PRESET_HANDGUARD",
			"_tpl": "6491c6f6ef312a876705191b",
			"parentId": "WEAPON_PPKP_12g_MFAC_PARENT",
			"slotId": "mod_handguard"
		},
		{
			"_id": "WEAPON_PPKP_12g_MFAC_PRESET_srm",
			"_tpl": "5f2aa49f9b44de6b1b4e68d4",
			"parentId": "WEAPON_PPKP_12g_MFAC_PARENT",
			"slotId": "mod_sight_rear"
		},
		{
			"_id": "WEAPON_PPKP_12g_MFAC_PRESET_MUZI",
			"_tpl": "560838c94bdc2d77798b4569",
			"parentId": "WEAPON_PPKP_12g_MFAC_PRESET_BARREL",
			"slotId": "mod_muzzle"
		},
		{
			"_id": "WEAPON_PPKP_12g_MFAC_PRESET_sr",
			"_tpl": "5bc09a18d4351e003562b68e",
			"parentId": "WEAPON_PPKP_12g_MFAC_PRESET_srm",
			"slotId": "mod_sight_rear"
		},
		{
			"_id": "WEAPON_PPKP_12g_MFAC_PRESET_sf",
			"_tpl": "5bc09a30d4351e00367fb7c8",
			"parentId": "WEAPON_PPKP_12g_MFAC_PRESET_srm",
			"slotId": "mod_sight_front"
		},
		{
			"_id": "WEAPON_PRHINO_MFAC_PARENT",
			"_tpl": "WEAPON_PRHINO_MFAC",
			"parentId": "hideout",
			"slotId": "hideout",
			"upd": {
				"UnlimitedCount": true,
				"StackObjectsCount": 20
			}
		},
		{
			"_id": "WEAPON_PRHINO_MFAC_PARENT_mag",
			"_tpl": "MAG_PRHINO_CYLINDER_MFAC",
			"parentId": "WEAPON_PRHINO_MFAC_PARENT",
			"slotId": "mod_magazine"
		},
		{
			"_id": "WEAPON_PRHINO_MFAC_PARENT_sf",
			"_tpl": "619f52454c58466fe122843b",
			"parentId": "WEAPON_PRHINO_MFAC_PARENT",
			"slotId": "mod_sight_front"
		},
		{
			"_id": "WEAPON_PRHINO_MFAC_PARENT_pg",
			"_tpl": "619f4ab2d25cbd424731fb95",
			"parentId": "WEAPON_PRHINO_MFAC_PARENT",
			"slotId": "mod_pistol_grip"
		}
	],
	"barter_scheme": {
		"WEAPON_PAN94_545_MFAC_PARENT": [
			[
				{
					"count": 134500,
					"_tpl": "5449016a4bdc2d6f028b456f"
				}
			]
		],
		"WEAPON_PAN95_556_MFAC_PARENT": [
			[
				{
					"count": 134500,
					"_tpl": "5449016a4bdc2d6f028b456f"
				}
			]
		],
		"WEAPON_PAEK971_545_MFAC_PARENT": [
			[
				{
					"count": 95000,
					"_tpl": "5449016a4bdc2d6f028b456f"
				}
			]
		],
		"WEAPON_POPSKS_762x39_MFAC_PARENT": [
			[
				{
					"count": 67000,
					"_tpl": "5449016a4bdc2d6f028b456f"
				}
			]
		],
		"WEAPON_PSTM9AUTO_9x19_MFAC_PARENT": [
			[
				{
					"count": 70000,
					"_tpl": "5449016a4bdc2d6f028b456f"
				}
			]
		],
		"WEAPON_PSTM7AUTO_7x25_MFAC_PARENT": [
			[
				{
					"count": 95000,
					"_tpl": "5449016a4bdc2d6f028b456f"
				}
			]
		],
		"WEAPON_PM1911AUTO_1143x23_MFAC_PARENT": [
			[
				{
					"count": 44500,
					"_tpl": "5449016a4bdc2d6f028b456f"
				}
			]
		],
		"WEAPON_PG17_9x19_MFAC_PARENT": [
			[
				{
					"count": 50500,
					"_tpl": "5449016a4bdc2d6f028b456f"
				}
			]
		],
		"WEAPON_PM14_762x51_MFAC_PARENT": [
			[
				{
					"count": 88000,
					"_tpl": "5449016a4bdc2d6f028b456f"
				}
			]
		],
		"BARREL_M1A_HEAVY_MFAC": [
			[
				{
					"count": 55500,
					"_tpl": "5449016a4bdc2d6f028b456f"
				}
			]
		],
		"BARREL_M1A_SHORTHEAVY_MFAC": [
			[
				{
					"count": 55500,
					"_tpl": "5449016a4bdc2d6f028b456f"
				}
			]
		],
		"WEAPON_PSVDS_762x54r_MFAC_PARENT": [
			[
				{
					"count": 90500,
					"_tpl": "5449016a4bdc2d6f028b456f"
				}
			]
		],
		"BARREL_SVD_22HEAVY_MFAC": [
			[
				{
					"count": 55500,
					"_tpl": "5449016a4bdc2d6f028b456f"
				}
			]
		],
		"MAG_SVD_762x54_DRUM_MFAC": [
			[
				{
					"count": 45000,
					"_tpl": "5449016a4bdc2d6f028b456f"
				}
			]
		],
		"MAG_GLOCK_762x25_DRUM_MFAC": [
			[
				{
					"count": 25000,
					"_tpl": "5449016a4bdc2d6f028b456f"
				}
			]
		],
		"WEAPON_PMT_9x18m_MFAC_PARENT": [
			[
				{
					"count": 44000,
					"_tpl": "5449016a4bdc2d6f028b456f"
				}
			]
		],
		"WEAPON_PPB_9x18m_MFAC_PARENT": [
			[
				{
					"count": 50000,
					"_tpl": "5449016a4bdc2d6f028b456f"
				}
			]
		],
		"WEAPON_PMP5V_9x18pm_MFAC_PARENT": [
			[
				{
					"count": 69000,
					"_tpl": "5449016a4bdc2d6f028b456f"
				}
			]
		],
		"MAG_MP5_9x18pm_DRUM_MFAC": [
			[
				{
					"count": 23000,
					"_tpl": "5449016a4bdc2d6f028b456f"
				}
			]
		],
		"WEAPON_PM4C545_545x39_MFAC_PARENT": [
			[
				{
					"count": 75000,
					"_tpl": "5449016a4bdc2d6f028b456f"
				}
			]
		],
		"MAG_AR15_545x39_PMAG30_MFAC": [
			[
				{
					"count": 5000,
					"_tpl": "5449016a4bdc2d6f028b456f"
				}
			]
		],
		"MAG_AR15_545x39_PMAG60_MFAC": [
			[
				{
					"count": 27000,
					"_tpl": "5449016a4bdc2d6f028b456f"
				}
			]
		],
		"WEAPON_PFN46_46x30_MFAC_PARENT": [
			[
				{
					"count": 45000,
					"_tpl": "5449016a4bdc2d6f028b456f"
				}
			]
		],
		"MAG_FN57_46x30_MFAC": [
			[
				{
					"count": 9000,
					"_tpl": "5449016a4bdc2d6f028b456f"
				}
			]
		],
		"WEAPON_PRD762R_762x54R_MFAC_PARENT": [
			[
				{
					"count": 200000,
					"_tpl": "5449016a4bdc2d6f028b456f"
				}
			]
		],
		"WEAPON_PSAIGA12AUTO_MFAC_PARENT": [
			[
				{
					"count": 70000,
					"_tpl": "5449016a4bdc2d6f028b456f"
				}
			]
		],
		"WEAPON_P209_366TKM_MFAC_PARENT": [
			[
				{
					"count": 90000,
					"_tpl": "5449016a4bdc2d6f028b456f"
				}
			]
		],
		"MAG_SAIGA12_CDRUM_MFAC": [
			[
				{
					"count": 50000,
					"_tpl": "5449016a4bdc2d6f028b456f"
				}
			]
		],
		"WEAPON_PG7TT_762x25_MFAC_PARENT": [
			[
				{
					"count": 50000,
					"_tpl": "5449016a4bdc2d6f028b456f"
				}
			]
		],
		"MAG_GLOCK_762x25_BIG_MFAC": [
			[
				{
					"count": 12000,
					"_tpl": "5449016a4bdc2d6f028b456f"
				}
			]
		],
		"MAG_GLOCK_762x25_STD_MFAC": [
			[
				{
					"count": 5000,
					"_tpl": "5449016a4bdc2d6f028b456f"
				}
			]
		],
		"WEAPON_PMk939_9x39_MFAC_PARENT": [
			[
				{
					"count": 220000,
					"_tpl": "5449016a4bdc2d6f028b456f"
				}
			]
		],
		"MAG_AKM_9x39_DRUM_MFAC": [
			[
				{
					"count": 30000,
					"_tpl": "5449016a4bdc2d6f028b456f"
				}
			]
		],
		"Alice_127x108b32": [
			[
				{
					"count": 2000,
					"_tpl": "5449016a4bdc2d6f028b456f"
				}
			]
		],
		"Alice_127x108bzt44m": [
			[
				{
					"count": 2000,
					"_tpl": "5449016a4bdc2d6f028b456f"
				}
			]
		],
		"WEAPON_SAWNOFF_127_MFAC_PARENT": [
			[
				{
					"count": 30000,
					"_tpl": "5449016a4bdc2d6f028b456f"
				}
			]
		],
		"WEAPON_PPKP_762x51_MFAC_PARENT": [
			[
				{
					"count": 250000,
					"_tpl": "5449016a4bdc2d6f028b456f"
				}
			]
		],
		"MAG_PKM_762x51_BOX_MFAC": [
			[
				{
					"count": 20000,
					"_tpl": "5449016a4bdc2d6f028b456f"
				}
			]
		],
		"MAG_PKM_12g_BOX_MFAC": [
			[
				{
					"count": 20000,
					"_tpl": "5449016a4bdc2d6f028b456f"
				}
			]
		],
		"WEAPON_PPKP_12g_MFAC_PARENT": [
			[
				{
					"count": 200000,
					"_tpl": "5449016a4bdc2d6f028b456f"
				}
			]
		],
		"WEAPON_PRHINO_MFAC_PARENT": [
			[
				{
					"count": 25000,
					"_tpl": "5449016a4bdc2d6f028b456f"
				}
			]
		]
	},
	"loyal_level_items": {
		"WEAPON_PAN94_545_MFAC_PARENT": 1,
		"WEAPON_PAN95_556_MFAC_PARENT": 1,
		"WEAPON_PAEK971_545_MFAC_PARENT": 1,
		"WEAPON_POPSKS_762x39_MFAC_PARENT": 1,
		"WEAPON_PSTM9AUTO_9x19_MFAC_PARENT": 1,
		"WEAPON_PSTM7AUTO_7x25_MFAC_PARENT": 1,
		"MAG_GLOCK_762x25_DRUM_MFAC": 1,
		"WEAPON_PM1911AUTO_1143x23_MFAC_PARENT": 1,
		"WEAPON_PG17_9x19_MFAC_PARENT": 1,
		"WEAPON_PM14_762x51_MFAC_PARENT": 1,
		"BARREL_M1A_HEAVY_MFAC": 1,
		"BARREL_M1A_SHORTHEAVY_MFAC": 1,
		"WEAPON_PSVDS_762x54r_MFAC_PARENT": 1,
		"MAG_SVD_762x54_DRUM_MFAC": 1,
		"BARREL_SVD_22HEAVY_MFAC": 1,
		"WEAPON_PMT_9x18m_MFAC_PARENT": 1,
		"WEAPON_PPB_9x18m_MFAC_PARENT": 1,
		"WEAPON_PMP5V_9x18pm_MFAC_PARENT": 1,
		"MAG_MP5_9x18pm_DRUM_MFAC": 1,
		"WEAPON_PM4C545_545x39_MFAC_PARENT": 1,
		"MAG_AR15_545x39_PMAG30_MFAC": 1,
		"MAG_AR15_545x39_PMAG60_MFAC": 1,
		"WEAPON_PFN46_46x30_MFAC_PARENT": 1,
		"MAG_FN57_46x30_MFAC": 1,
		"WEAPON_PRD762R_762x54R_MFAC_PARENT": 1,
		"MAG_SAIGA12_CDRUM_MFAC": 1,
		"WEAPON_PSAIGA12AUTO_MFAC_PARENT": 1,
		"WEAPON_P209_366TKM_MFAC_PARENT": 1,
		"WEAPON_PG7TT_762x25_MFAC_PARENT": 1,
		"MAG_GLOCK_762x25_STD_MFAC": 1,
		"MAG_GLOCK_762x25_BIG_MFAC": 1,
		"WEAPON_PMk939_9x39_MFAC_PARENT": 1,
		"MAG_AKM_9x39_DRUM_MFAC": 1,
		"Alice_127x108b32": 1,
		"Alice_127x108bzt44m": 1,
		"WEAPON_SAWNOFF_127_MFAC_PARENT": 1,
		"WEAPON_PPKP_762x51_MFAC_PARENT": 1,
		"MAG_PKM_762x51_BOX_MFAC": 1,
		"MAG_PKM_12g_BOX_MFAC": 1,
		"WEAPON_PPKP_12g_MFAC_PARENT": 1,
		"WEAPON_PRHINO_MFAC_PARENT": 1
	}
}